Handle,Category,Subcategory
starshine-hair-scalp-growth-oil,Bebe Et Enfant,Soins Cheveux Enfant
curls-itsy-bitsy-moisturizer-8oz,Bebe Et Enfant,Soins Cheveux Enfant
kalia-nature-srum-au-murumuru-30ml,Bebe Et Enfant,Soins Cheveux Enfant
pure-pousse-kit-de-base-routine-cheveux-afro-3-mois-dutilisation,Bebe Et Enfant,Soins Cheveux Enfant
aj-kids-e-blast-vitamin-e-oil-237ml,Bebe Et Enfant,Soins Cheveux Enfant
kinki-coili-kurli-citrus-sky-cooler-2-cowash,Bebe Et Enfant,Soins Cheveux Enfant
african-pride-dream-kids-olive-miracle,Bebe Et Enfant,Soins Cheveux Enfant
creme-of-nature-argan-oil-anti-humidity-gloss-shine-mist,Bebe Et Enfant,Soins Cheveux Enfant
shampooing-demelant-enfant-nappy-kids,Bebe Et Enfant,Soins Cheveux Enfant
cantu-curl-refresher,Bebe Et Enfant,Soins Cheveux Enfant
crazy-pouss-kids-lait-capillaire-hydratant,Bebe Et Enfant,Soins Cheveux Enfant
crazy-pouss-kids-bain-dhuile-nigelle,Bebe Et Enfant,Soins Cheveux Enfant
cantu-care-for-kids-nourishing-conditioner-237-ml,Bebe Et Enfant,Soins Cheveux Enfant
cool-mint-curl-cleanser-shampoo-for-afro-curly-wavy-kids,Bebe Et Enfant,Soins Cheveux Enfant
cantu-for-kids-styling-custard-wt-8-oz,Bebe Et Enfant,Soins Cheveux Enfant
cantu-kids-care-nourishing-shampoo-237ml,Bebe Et Enfant,Soins Cheveux Enfant
skala-kids-divino-potinho-2-in-1-1000g,Bebe Et Enfant,Soins Cheveux Enfant
curly-q-milkshake,Bebe Et Enfant,Soins Cheveux Enfant
africas-best-kids-organics-gro-strong-triple-action,Bebe Et Enfant,Soins Cheveux Enfant
jfm-relaxer-kit-regular,Bebe Et Enfant,Soins Cheveux Enfant
cantu-care-for-kids-leave-in-conditioner-10-oz,Bebe Et Enfant,Soins Cheveux Enfant
les-secrets-de-loly-bubble-kiss-soin-lavant-doux-bebes-et-enfants,Bebe Et Enfant,Soins Cheveux Enfant
lait-capillaire-purepouss,Bebe Et Enfant,Soins Cheveux Enfant
crazy-pouss-kids-shampooing-hydratant,Bebe Et Enfant,Soins Cheveux Enfant
crazy-pouss-kids-spray-hydratant,Bebe Et Enfant,Soins Cheveux Enfant
creme-capillaire-pour-enfants-divino-potinho-1kg,Bebe Et Enfant,Soins Cheveux Enfant
crazy-pouss-huile-a-lhuile-dolive,Bebe Et Enfant,Soins Cheveux Enfant
pure-pousse-gamme-pure-pousse-3-mois-dutilisation,Bebe Et Enfant,Soins Cheveux Enfant
jfm-relaxer-kit-super,Bebe Et Enfant,Soins Cheveux Enfant
crazy-pouss-huile-de-carotte,Bebe Et Enfant,Soins Cheveux Enfant
cantu-fk-curling-cream,Bebe Et Enfant,Soins Cheveux Enfant
dark-lovely-scalp-care-relaxer,Bebe Et Enfant,Soins Cheveux Enfant
curls-peek-a-boo-shampoing-bebe-8oz,Bebe Et Enfant,Soins Cheveux Enfant
crazy-pouss-huile-macadamia,Bebe Et Enfant,Soins Cheveux Enfant
kisly,Perruques,
bare-lace-unit-5-13x6-30-highlights,Perruques,
probel-bresilienne-lava,Perruques,
probel-perruque-bresilienne-jade,Perruques,
wig-upart-straight-10-12-16-20-22-26,Perruques,
probel-coco,Perruques,
anna-hh-wig-10-col-sleek,Perruques,
bare-lace-unit-3-13x16-12,Perruques,
bare-lace-unit-1-13x6-28,Perruques,
probel-perruque-naturelle-hh-hanna,Perruques,
dream-hair-3x-french-curl-braid,Perruques,
cloud-9-braided-lace-wig-bohemian-dutch-braid,Perruques,
fashion-idole-101-rami-weave-2pcs,Perruques,
cline-nancy-24,Perruques,
perruque-biba-wig-fashion-hh,Perruques,
outre-perfect-hairline-perruque-hd-blaze,Perruques,
probel-laurence-lace-40,Perruques,
feme-half-wig-mariah-24,Perruques,
lace-frontal-134-wig-28,Perruques,
celine-alice-134-lace-wig-20,Perruques,
probel-perruque-bresilienne-maya,Perruques,
probel-bresilienne-cleo,Perruques,
feme-half-wig-aaliyah-24,Perruques,
probel-bresilienne-victoria,Perruques,
fab-fly-cap-wig-grey-glamour-deria,Perruques,
instant-fashion-wig-hana,Perruques,
44-bob-wig-curly,Perruques,
fashion-idole-101-maya-weave-2pcs,Perruques,
fashion-idole-101-ivory-weave,Perruques,
probel-perruque-bresilienne-carmen,Perruques,
probel-perruque-bresilienne-afro,Perruques,
celine-emma-26-lace-wig-24-sdd-bob,Perruques,
probel-perruque-bresilienne-victoria,Perruques,
probel-iris-15,Perruques,
fashion-idole-101-claro-weave-3pcs,Perruques,
fashion-idole-101-glossy-weave-2pcs,Perruques,
soleil-wig-20,Perruques,
probel-tina,Perruques,
probel-perruque-bresilienne-oprah,Perruques,
problel-bresilienne-virginie,Perruques,
probel-perruque-bresilienne-valentine,Perruques,
bresilienne-l-hera,Perruques,
feme-lace-wig-human-hair-13x4-bob-12,Perruques,
agatha,Perruques,
premium-too-euro-straight,Perruques,
premium-too-deep-wave-bulk,Perruques,
bare-lace-unit-8-13x6-26,Perruques,
probel-perruque-semi-naturelle-justine,Perruques,
probel-pandore,Perruques,
celine-big-afro-wighh,Perruques,
feme-lace-wig-human-hair-straight-22,Perruques,
perruque-rose-134-16,Perruques,
sp-hh-sofia-lace-wig-10,Perruques,
probel-rebecca,Perruques,
premium-too-deep-wave-weave,Perruques,
donna-clara-aurora,Perruques,
celine-angel-134-lace-wig-18,Perruques,
probel-odette,Perruques,
lilly-131-lace-wig,Perruques,
probel-perruque-bresilienne-cleo,Perruques,
whitney-h-h-wig,Perruques,
probel-lace-wig-semi-naturel-adriana-lace,Perruques,
celine-julia-134-lace-wig-26,Perruques,
mianda-12-hh-wig,Perruques,
cline-beyonce-5x5-glueless-12,Perruques,
probel-lace-wig-semi-naturel-jane-lace-18,Perruques,
probel-tanya,Perruques,
probel-perruque-bresilienne-desiree,Perruques,
bresilienne-june,Perruques,
premium-too-yaki-natural-wvg,Perruques,
probel-bresilienne-edith,Perruques,
probel-bresilienne-rose,Perruques,
bob-wig-16,Perruques,
perruque-big-afro-synthetique-wig-fashion-de-sleek-hair,Perruques,
probel-perruque-bresilienne-trecy,Perruques,
assia-lace-wig,Perruques,
probel-camille,Perruques,
sp-brazilian-rose-lace-wig,Perruques,
probel-sandy,Perruques,
44-bob-wig-stw,Perruques,
cline-naomi-4x4-lace-wig-12,Perruques,
wig-red-18,Perruques,
geraline-hh-wig-9,Perruques,
fashion-idole-french-curl-express-braid,Perruques,
aileen,Perruques,
katy-12-hh-wig,Perruques,
melanie,Perruques,
sp-101-samira-lace-wig,Perruques,
sp-brazilian-maria-lace-wig-20,Perruques,
bare-lace-unit-11-13x16-13,Perruques,
probel-bresilienne-afro,Perruques,
astrid,Perruques,
probel-melissa,Perruques,
fashion-idole-101-sara-weave-2pcs,Perruques,
celine-beyonce-12,Perruques,
as-i-am-restore-repair-jbco-smoothie-creme-coiffante,Soins Cheveux,Coiffants
ors-olive-oil-deep-treatment-conditioner,Soins Cheveux,Coiffants
leave-in-curly-pouss,Soins Cheveux,Coiffants
spray-10-en-1-multiprotect,Soins Cheveux,Coiffants
shampooing-boost-my-hair-kalia-nature,Soins Cheveux,Coiffants
easy-pouss-gelee-chanvre,Soins Cheveux,Coiffants
crazy-locks-gelocks-mangue-cactus,Soins Cheveux,Coiffants
curls-gel-lesc-jalousie-bouclee,Soins Cheveux,Coiffants
ecostyler-styling-gel-olive-oil-8-oz,Soins Cheveux,Coiffants
morfose-super-shinig-pro-style-hair-gel,Soins Cheveux,Coiffants
beurre-de-karite-olive-chanvre-soarn,Soins Cheveux,Coiffants
crazy-pouss-mousse-coiffante-olive,Soins Cheveux,Coiffants
creme-of-nature-argan-oil-style-shine-foaming-mousse,Soins Cheveux,Coiffants
curly-clean-shampooing-300ml-curly-pouss,Soins Cheveux,Coiffants
crazy-pouss-edge-huile-dolive,Soins Cheveux,Coiffants
as-i-am-restore-repair-jbco-curling-cream-creme-coiffante,Soins Cheveux,Coiffants
eco-styler-krystal-32oz,Soins Cheveux,Coiffants
as-i-am-jbco-curling-creme-8oz,Soins Cheveux,Coiffants
creme-demelante-curls-whipped-cream,Soins Cheveux,Coiffants
brume-intense-shine-oil-mist-design-essentials-coconut-et-monoi,Soins Cheveux,Coiffants
morfose-deep-aqua-hair-styling-wax-175ml,Soins Cheveux,Coiffants
masque-soin-fortifiant-activilong-actiforce,Soins Cheveux,Coiffants
got2b-yellow-gel-150ml,Soins Cheveux,Coiffants
africas-best-instant-detangling-conditioner-12-oz,Soins Cheveux,Coiffants
gloss-extra-hold-gummy,Soins Cheveux,Coiffants
moisture-twist-curling-mousse,Soins Cheveux,Coiffants
soin-gommage-capillaire-revolution-detox-beaute-insolente,Soins Cheveux,Coiffants
crazy-pouss-spray-menthe-poivree,Soins Cheveux,Coiffants
apres-shampoing-bio-250-ml-doobaline,Soins Cheveux,Coiffants
creme-soufflee-activilong-actiforce,Soins Cheveux,Coiffants
creme-of-nature-argan-oil-perfect-edges-xtra-225oz,Soins Cheveux,Coiffants
ecostyler-curl-wave-pink-styler-gel,Soins Cheveux,Coiffants
spray-hydratant-locks,Soins Cheveux,Coiffants
gelee-papaye-aloe-locks,Soins Cheveux,Coiffants
definisseur-de-boucles-jolie-bouclette-beaute-insolente,Soins Cheveux,Coiffants
design-essentials-almond-avocado-curl-stretching-creme,Soins Cheveux,Coiffants
huile-nutritive-caribbean-trip-beaute-insolente,Soins Cheveux,Coiffants
gel-curl-wet-curly-pouss,Soins Cheveux,Coiffants
design-essentials-compositions-foaming-wrap-lotion-mousse-coiffant,Soins Cheveux,Coiffants
wonder-lace-bond-wig-adhesive-spray-extreme-firm-hold-14-2oz-400ml,Soins Cheveux,Coiffants
snf-2in1-curl-activating-lotion-32oz,Soins Cheveux,Coiffants
african-pride-olive-relaxer-kit-super,Soins Cheveux,Coiffants
matte-finish-gummy,Soins Cheveux,Coiffants
creme-of-nature-moisture-recovery-leave-in-curl-milk,Soins Cheveux,Coiffants
gelee-activatrice-de-boucles-jia,Soins Cheveux,Coiffants
activilong-acticurl-mousse-bouclante-2,Soins Cheveux,Coiffants
eco-styler-argan-oil-16oz,Soins Cheveux,Coiffants
crazy-pouss-edge-huile-de-ricin,Soins Cheveux,Coiffants
tinted-lace-aerosol-spray-150ml-dark-brown,Soins Cheveux,Coiffants
les-secrets-de-loly-kurl-glow-gel-in-oil-3-en-1,Soins Cheveux,Coiffants
as-i-am-classic-cocoshea-spray,Soins Cheveux,Coiffants
design-essentials-natural-hair-almond-avocado-curl-enhancing-mousse,Soins Cheveux,Coiffants
eco-styler-proteine-32oz,Soins Cheveux,Coiffants
as-i-am-jbco-water-spray-hydratant-avec-ceramide-et-vitamine-c-et-e,Soins Cheveux,Coiffants
curly-q-gellesc-gel-8oz,Soins Cheveux,Coiffants
dark-lovely-hair-color-384-light-golden-blonde,Soins Cheveux,Coiffants
camille-rose-almond-jai-twisting-butter,Soins Cheveux,Coiffants
growash-conditioner-lavant-454g-as-i-am-long-luxe,Soins Cheveux,Coiffants
ors-olive-oil-nourishing-sheen-spray-spray-brilliance,Soins Cheveux,Coiffants
as-i-am-classic-twist-defining-cream,Soins Cheveux,Coiffants
soarn-leave-in-gourmand-500ml,Soins Cheveux,Coiffants
keratin-complex-hard-finish-gummy,Soins Cheveux,Coiffants
dark-lovely-hair-color-396-lum-blond,Soins Cheveux,Coiffants
masque-hydratant-aloe-locks,Soins Cheveux,Coiffants
as-i-am-classic-doublebutter-cream,Soins Cheveux,Coiffants
dark-lovely-hair-color-326-burgundy,Soins Cheveux,Coiffants
design-essentials-loc-braid-silicone-free-styling-gel-style-naturaltextured-hair,Soins Cheveux,Coiffants
serum-definissant-activilong-acticurl-hydra,Soins Cheveux,Coiffants
curls-cashmere-caviar-hair-bath-8oz,Soins Cheveux,Coiffants
leave-in-quenched-curls-boucles-hydratees,Soins Cheveux,Coiffants
cowash-creme-lavante-douce-activilong-actiforce,Soins Cheveux,Coiffants
serum-lissant-thermo-protecteur,Soins Cheveux,Coiffants
eco-styler-curl-and-wave-32oz,Soins Cheveux,Coiffants
mielle-moisture-hawailan-ginger-moisturizing-scalp-treatment,Soins Cheveux,Coiffants
creme-of-nature-argan-oil-perfect-edges,Soins Cheveux,Coiffants
soarn-mousse-de-karite-100ml,Soins Cheveux,Coiffants
dark-lovely-hair-color-371-jet-black,Soins Cheveux,Coiffants
easy-pouss-lait-capillaire-papaye-250-ml,Soins Cheveux,Coiffants
root-twist-curls-styling,Soins Cheveux,Coiffants
shampooing-activateur-de-boucles-activilong,Soins Cheveux,Coiffants
dark-lovely-hair-color-362-crimson-moon,Soins Cheveux,Coiffants
shea-miracle-moisturizing-milk-african-pride,Soins Cheveux,Coiffants
morfose-gel-wax-150ml,Soins Cheveux,Coiffants
gelee-gourmande-260ml-coco-damour-2,Soins Cheveux,Coiffants
crazy-locks-gelocks-noir-aloe-vera,Soins Cheveux,Coiffants
twist-and-define-cream-keracare-natural-textures,Soins Cheveux,Coiffants
dobaline-lait-capillaire,Soins Cheveux,Coiffants
as-i-am-coconut-cowash,Soins Cheveux,Coiffants
kc-strengthening-thermal-protector-35oz,Soins Cheveux,Coiffants
creme-twist-and-shout-cream-curls-blueberry-bliss-2,Soins Cheveux,Coiffants
quench-creme-anti-casse-root2tip-2-2,Soins Cheveux,Coiffants
root2tip-natural-whipped-150ml,Soins Cheveux,Coiffants
design-essentials-natural-hair-african-chebe-strengthening-curl-perfecting-mousse,Soins Cheveux,Coiffants
crazy-locks-gelocks-au-baobab,Soins Cheveux,Coiffants
design-essentials-almond-avocado-honey-shea-edge-tamer,Soins Cheveux,Coiffants
aloe-locks-gelee-a-laloe-vera-tea-tree-easy-pouss,Soins Cheveux,Coiffants
design-essentials-natural-african-chebe-braid-twist-out-strengthening-creme,Soins Cheveux,Coiffants
curls-cocontractant-sublime-conditioner,Soins Cheveux,Coiffants
les-secrets-de-loly-masque-repair-time,Soins Cheveux,Coiffants
as-i-am-classic-smoothing-gel,Soins Cheveux,Coiffants
easy-pouss-hydra-masque,Soins Cheveux,Coiffants
brume-hydratante-multricroissance,Soins Cheveux,Coiffants
cantu-shea-butter-coil-calm-detangler-8oz,Soins Cheveux,Coiffants
soarn-masque-gourmand-reparation-intense,Soins Cheveux,Coiffants
design-essentials-natural-agave-lavender-blow-dry-silk-press-collection-moisturizing-detangling-conditionner,Soins Cheveux,Coiffants
root2tip-twist-and-curls-styling-pudding,Soins Cheveux,Coiffants
deep-treatment-masque-raw-shea-butter-de-shea-moisture,Soins Cheveux,Coiffants
activilong-acticurl-gelee-scrunching,Soins Cheveux,Coiffants
shea-moisture-coconut-hibiscus-curl-shine-hair-masque-12oz,Soins Cheveux,Coiffants
wonder-lace-bond-wig-adhesive-spray-sensitive-14-2oz-420ml,Soins Cheveux,Coiffants
activilong-coco-damour-mousse-chantilly,Soins Cheveux,Coiffants
design-essentials-scalp-and-skin-care-moisturizing-oil-tratment-lavender-marula,Soins Cheveux,Coiffants
s-curl-wave-gel-activactor-105oz,Soins Cheveux,Coiffants
huile-dowala-aloe-locks,Soins Cheveux,Coiffants
shampooing-activateur-de-boucles-activilong-acticurl-hydra,Soins Cheveux,Coiffants
got2b-black-gel-150ml,Soins Cheveux,Coiffants
as-i-am-jbco-smoothie-8oz,Soins Cheveux,Coiffants
design-esssentials-scalp-care-anti-itch-tension-relief,Soins Cheveux,Coiffants
casual-look-gummy,Soins Cheveux,Coiffants
easy-pouss-shampoing-kigelia,Soins Cheveux,Coiffants
beurre-de-karite-cacao-soarn,Soins Cheveux,Coiffants
dark-lovely-hair-color-378-honey-blond,Soins Cheveux,Coiffants
creme-of-nature-argan-oil-moisture-shine-curl-activator-creme,Soins Cheveux,Coiffants
design-essential-agave-lavender-weightless-thermal-protectant-serum,Soins Cheveux,Coiffants
ors-olive-oil-creme-styler,Soins Cheveux,Coiffants
design-essentials-scalp-care-vitamin-drops-vitamin-e,Soins Cheveux,Coiffants
got2b-glued-extreme-freeze-spray-schwarzkopf,Soins Cheveux,Coiffants
adore-color-71-intense-red-4oz,Soins Cheveux,Coiffants
lotion-coiffante-shea-moisture-jamaican-black-castor-oil,Soins Cheveux,Coiffants
lait-hydratant-deep-moisture-milk-cream-design-essentials-coconut-et-monoi,Soins Cheveux,Coiffants
sulfur8-orginal-conditioner,Soins Cheveux,Coiffants
crazy-pouss-edge-huile-de-ricin-noir,Soins Cheveux,Coiffants
huile-regenerante-douceur-epicee-beaute-insolente,Soins Cheveux,Coiffants
extra-shining-pro-style-hair-gel-wax,Soins Cheveux,Coiffants
ors-olive-oil-edge-gellie,Soins Cheveux,Coiffants
gelee-mangue-aloe-locks,Soins Cheveux,Coiffants
dark-lovely-hair-color-394-vivacious-red,Soins Cheveux,Coiffants
lait-coiffant-sans-rincage-multricroissance,Soins Cheveux,Coiffants
keratin-complex-bright-max-hold-gummy,Soins Cheveux,Coiffants
shea-moisture-papaya-milk-gel-8oz,Soins Cheveux,Coiffants
curls-creme-coiffante-pour-boucles,Soins Cheveux,Coiffants
kalia-nature-shampoing-liquide-ortie-250ml,Soins Cheveux,Coiffants
easy-pouss-edge-marron,Soins Cheveux,Coiffants
eco-styler-argan-oil-8oz,Soins Cheveux,Coiffants
design-essentials-silk-essentials-thermal-strengthening-serum,Soins Cheveux,Coiffants
dark-lovely-hair-color-372-natural-black,Soins Cheveux,Coiffants
curls-ultimate-creamy-curl-gel,Soins Cheveux,Coiffants
lait-capillaire-triple-m-root2tip,Soins Cheveux,Coiffants
easy-pouss-cire-coiffante-invisible-100ml,Soins Cheveux,Coiffants
lait-thermo-protecteur-activilong-acticurl-expert,Soins Cheveux,Coiffants
as-i-am-classic-coconut-cowash,Soins Cheveux,Coiffants
activateur-de-pousse-secret-croissance-beaute-insolente,Soins Cheveux,Coiffants
masque-soin-conditionneur-activilong-acticurl-hydra,Soins Cheveux,Coiffants
hydra-masque-demelant-easy-pouss,Soins Cheveux,Coiffants
shea-moisture-coconut-hibiscus-curl-enhancing-smoothie,Soins Cheveux,Coiffants
dark-lovely-hair-color-376-red-hot-rhythm,Soins Cheveux,Coiffants
kc-styling-wax-stick-2-6-oz,Soins Cheveux,Coiffants
as-i-am-restore-repair-jbco-smoothie-creme-coiffante,Soins Cheveux,
crazy-pouss-shampooing-a-la-moelle-de-boeuf,Soins Cheveux,
cantu-shea-butter-smoothing-leave-in-conditioner-lotion,Soins Cheveux,
new-organic-extra-pouss,Soins Cheveux,
curls-unleashed-moisturizing-beeswax-color-blast,Soins Cheveux,
curls-ultimate-curl-sculpting-gel-8oz,Soins Cheveux,
as-i-am-so-much-moisture,Soins Cheveux,
avocado-hydrating-styling-gel,Soins Cheveux,
traitement-actipouss-plus-x-4-ampoules,Soins Cheveux,
flora-curl-hydrate-me-cream-conditioner,Soins Cheveux,
ors-olive-oil-deep-treatment-conditioner,Soins Cheveux,
leave-in-curly-pouss,Soins Cheveux,
huile-scellante-125ml-actiforce-activilong,Soins Cheveux,
inetco-super-black-hair-color,Soins Cheveux,
activilong-shampooing-protecteur,Soins Cheveux,
curl-enhancing-smoothie-creme-coiffante-454g-as-i-am-long-luxe,Soins Cheveux,
rock-n-curls-shea-butter-balm-butter-my-knots-250-ml,Soins Cheveux,
croissance-plus-multicroissance-edge-control-100ml,Soins Cheveux,
leave-in-reparateur-a-la-keratine-cashmere-curls,Soins Cheveux,
spray-10-en-1-multiprotect,Soins Cheveux,
huile-cacao-macadamia-soarn,Soins Cheveux,
shampooing-boost-my-hair-kalia-nature,Soins Cheveux,
as-i-am-long-luxe-gro-yogurt,Soins Cheveux,
yari-100-pure-almond-oil-250-ml,Soins Cheveux,
easy-pouss-gelee-chanvre,Soins Cheveux,
crazy-locks-gelocks-mangue-cactus,Soins Cheveux,
crazy-pouss-lotion-tonic-rouge,Soins Cheveux,
curly-q-moist-curls-moisturizer-8oz,Soins Cheveux,
curls-gel-lesc-jalousie-bouclee,Soins Cheveux,
creme-of-nature-pure-honey-twisting-cream,Soins Cheveux,
ecostyler-styling-gel-olive-oil-8-oz,Soins Cheveux,
morfose-super-shinig-pro-style-hair-gel,Soins Cheveux,
beurre-de-karite-olive-chanvre-soarn,Soins Cheveux,
activilong-lait-coiffant-nourrissant,Soins Cheveux,
crazy-pouss-mousse-coiffante-olive,Soins Cheveux,
creme-of-nature-argan-oil-style-shine-foaming-mousse,Soins Cheveux,
kc-high-sheen-glossifier-4oz,Soins Cheveux,
curly-clean-shampooing-300ml-curly-pouss,Soins Cheveux,
les-secrets-de-loly-creme-extra-nourrissante-magic-twist,Soins Cheveux,
crazy-pouss-edge-huile-dolive,Soins Cheveux,
as-i-am-bond-shampoo,Soins Cheveux,
mielle-rosemary-mint-strengthening-scalp-edge-cleansing-oil,Soins Cheveux,
afro-naturel-crazy-spray-magic-boucles-a-lhuile-de-lin-hydratant-nourrissants,Soins Cheveux,
crazy-pouss-shampooing-hydratant-menthe-poivree,Soins Cheveux,
les-secrets-de-loly-hyalu-fusion-mask-curl-activator,Soins Cheveux,
as-i-am-rosemary-water-for-all-hair-types,Soins Cheveux,
as-i-am-restore-repair-jbco-curling-cream-creme-coiffante,Soins Cheveux,
as-i-am-jbco-conditioner-hydratant-et-reparateur-avec-vitamine-c-et-e,Soins Cheveux,
curls-blissful-hair-vitamin-8oz,Soins Cheveux,
curls-itsy-bitsy-moisturizer-8oz,Soins Cheveux,
crazy-chantilly-irresistible,Soins Cheveux,
ors-herbal-cleanse-shampoing-sec-8oz,Soins Cheveux,
aunt-jackies-coco-repair,Soins Cheveux,
shampooing-hydratant-arcahaie-evashair,Soins Cheveux,
kit-detox-cheveux-curls,Soins Cheveux,
hair-booster-plus-complement-cheveux,Soins Cheveux,
eco-styler-krystal-32oz,Soins Cheveux,
activilong-shampooing-lissant-ricin-acticlassic,Soins Cheveux,
yari-huile-de-karite-naturelle,Soins Cheveux,
as-i-am-jbco-curling-creme-8oz,Soins Cheveux,
creme-demelante-curls-whipped-cream,Soins Cheveux,
design-essentials-agave-lavender-moisturizing-strengthening-shampoo,Soins Cheveux,
apres-shampooing-velvet-power-curl-hibiscus,Soins Cheveux,
activilong-actigro-complexe-longueurs-ginseng-hibiscus,Soins Cheveux,
dax-bees-wax,Soins Cheveux,
design-essentials-scalp-care-anti-itch-tension-relief-scalp-butter,Soins Cheveux,
serum-reparateur-et-activateur-de-pousse-aloe-locks,Soins Cheveux,
beaute-insolente-gelee-capillaire,Soins Cheveux,
easy-pouss-lait-capillaire,Soins Cheveux,
crazy-pouss-lait-capillaire-activateur-de-boucles,Soins Cheveux,
activilong-actigro-serum-fluid-provitamine-b5-ortie-piquante,Soins Cheveux,
brume-intense-shine-oil-mist-design-essentials-coconut-et-monoi,Soins Cheveux,
kc-essential-oils-4oz,Soins Cheveux,
morfose-deep-aqua-hair-styling-wax-175ml,Soins Cheveux,
masque-soin-fortifiant-activilong-actiforce,Soins Cheveux,
camille-rose-naturals-spiked-honey-mousse-mousse-coiffante,Soins Cheveux,
got2b-yellow-gel-150ml,Soins Cheveux,
cantu-shea-butter-oil-sheen-deep-conditioning-spray,Soins Cheveux,
easy-pouss-huile-de-coco,Soins Cheveux,
kc-humecto-creme-conditioner-234gv,Soins Cheveux,
les-secrets-de-loly-smoothies-ananas-lait-capillaire,Soins Cheveux,
crazy-pouss-bain-dhuile-moelle-de-boeuf-250ml,Soins Cheveux,
rockn-curls-balsamo-al-burro-250ml,Soins Cheveux,
kalia-nature-srum-au-murumuru-30ml,Soins Cheveux,
africas-best-instant-detangling-conditioner-12-oz,Soins Cheveux,
huile-dabre-a-the-100-pure-250ml-yari,Soins Cheveux,
gloss-extra-hold-gummy,Soins Cheveux,
crazy-pouss-lotion-croissance-nouvelle-formule,Soins Cheveux,
sb-botanical-texturizer-kit-super-coarse,Soins Cheveux,
moisture-twist-curling-mousse,Soins Cheveux,
shea-moisture-raw-shea-butter-deep-moisturizing-conditioner,Soins Cheveux,
easy-pouss-huile-de-ricin-100-vierge,Soins Cheveux,
ciao-bellissima-leave-in-250ml,Soins Cheveux,
croissance-plus-multricroissance-apres-shampooing-hydratant,Soins Cheveux,
les-secrets-de-loly-cloud-fusion-mousse-capillaire-fixante-200ml,Soins Cheveux,
serum-antidote-antichute-100ml-curl-hibiscus,Soins Cheveux,
soin-gommage-capillaire-revolution-detox-beaute-insolente,Soins Cheveux,
crazy-pouss-apres-shampooing-hydratant-a-la-mangue,Soins Cheveux,
easy-pouss-creme-de-mangue-250ml,Soins Cheveux,
ciao-bellissima-choco-wash-intensive-mask,Soins Cheveux,
design-essentials-coconut-monoi-curl-defining-gelee,Soins Cheveux,
actidetox-gommage-capillaire-au-sucre-de-canne,Soins Cheveux,
raw-shea-butter-damage-repair-hair-scalp-serum,Soins Cheveux,
yari-huile-de-baobab-naturelle,Soins Cheveux,
serum-cheveux-secs-cassants-fantasia-carrot-178ml,Soins Cheveux,
crazy-pouss-lotion-anti-chute-150ml,Soins Cheveux,
aloe-locks-hibiscus-shamoing-refresf-refresh-shampoo-sans-sulfate-sans-silicone,Soins Cheveux,
shampooing-colorant-noir-cheveux-blancs-dexe,Soins Cheveux,
crazy-pouss-spray-menthe-poivree,Soins Cheveux,
cantu-shea-butter-comeback-curl-nest-day-curl-revitalizer,Soins Cheveux,
activilong-acticlassic-brillantine-nourrissante-karite-cacao,Soins Cheveux,
hydrating-cream-conditioner,Soins Cheveux,
masque-nutrition-cocooning-veloute-beaute-insolente,Soins Cheveux,
soarn-lotion-boostr-sapote-maca-vital-romarin,Soins Cheveux,
palmers-coconut-oil-formula-moisture-boost-gro-treatment,Soins Cheveux,
aunt-jackies-curl-la-la,Soins Cheveux,
akhaia-natural-cosmetics-soin-aux-plantes-volume-brillance,Soins Cheveux,
skala-expert-oleo-de-organ,Soins Cheveux,
pure-pousse-kit-de-base-routine-cheveux-afro-3-mois-dutilisation,Soins Cheveux,
spray-cheveux-honey-rain-juice-root2tip,Soins Cheveux,
activilong-acticurl-soins-sans-rincage,Soins Cheveux,
as-i-am-cocoshea-spray,Soins Cheveux,
keracare-grand-format-leave-in-conditioner-sans-rincage-natural-textures-475ml,Soins Cheveux,
activilong-tendre-passion-nuage-de-lait,Soins Cheveux,
amalico-unrefined-hair-cream-360ml,Soins Cheveux,
aunt-jackies-flaxseed-curl-mane-tenance-defining-curl-whip-426gr,Soins Cheveux,
apres-shampoing-cheveux-co-wash-hair-conditioner,Soins Cheveux,
secrets-de-loly-kurl-nectar,Soins Cheveux,
apres-shampoing-bio-250-ml-doobaline,Soins Cheveux,
kalia-nature-apres-shampoing-a-la-sapote,Soins Cheveux,
creme-soufflee-activilong-actiforce,Soins Cheveux,
soarn-chantilly-de-karite-cocktail-des-bois-corps-cheveux,Soins Cheveux,
as-i-am-leave-in-conditioner,Soins Cheveux,
curls-so-so-smooth-leave-in-conditioner-pineapple,Soins Cheveux,
wig-cap-4023,Soins Cheveux,
creme-of-nature-argan-oil-perfect-edges-xtra-225oz,Soins Cheveux,
ecostyler-curl-wave-pink-styler-gel,Soins Cheveux,
tcb-no-base-creme-hair-relaxer,Soins Cheveux,
clere-glycerine-100ml,Soins Cheveux,
wig-cap-marron,Soins Cheveux,
crazy-locks-gelocks-eau-de-rose-300ml,Soins Cheveux,
kalia-nature-shampoing-solide-a-lortie-piquante-60gr,Soins Cheveux,
yari-huile-de-coco-pure,Soins Cheveux,
creme-of-nature-shampoing-sans-sulfate-hydratant-argan-oil,Soins Cheveux,
huile-de-coco-et-figue-de-barbarie-soarn,Soins Cheveux,
leave-in-beaute-insolente,Soins Cheveux,
shampoing-rhassoul,Soins Cheveux,
actikids-apres-shampooing-300ml,Soins Cheveux,
yari-huile-de-gingembre-naturelle,Soins Cheveux,
ors-olive-oil-wig-grip-gel,Soins Cheveux,
activilong-actirepair-lait-coiffant-reparateur-olive-avocat-nourrit-discipline-cheveux-secs-et-abimes,Soins Cheveux,
creme-of-nature-wtih-argan-oil-from-morocco-for-natural-hair-twirling-custard-curl-styling-gel,Soins Cheveux,
spray-hydratant-locks,Soins Cheveux,
xtreme-pouss-huile-de-serpent-100-naturelle,Soins Cheveux,
gelee-papaye-aloe-locks,Soins Cheveux,
crazy-locks-gelocks-batana,Soins Cheveux,
definisseur-de-boucles-jolie-bouclette-beaute-insolente,Soins Cheveux,
creme-of-nature-hair-color-exotic-shine-color-red-copper-64,Soins Cheveux,
design-essentials-almond-avocado-curl-stretching-creme,Soins Cheveux,
les-secrets-de-loly-serum-de-croissance,Soins Cheveux,
huile-nutritive-caribbean-trip-beaute-insolente,Soins Cheveux,
easy-skin-gel-aloe-vera-pur-anti-taches,Soins Cheveux,
100-natual-curcuma-essential-oil-yari,Soins Cheveux,
creme-of-nature-argan-oil-strenght-shine-leave-in-conditioner,Soins Cheveux,
vatika-huile-dhibiscus-200ml,Soins Cheveux,
huile-de-ricin-noire-ecocert-purepousse,Soins Cheveux,
croissance-plus-multicroissance-mousse-coiffante,Soins Cheveux,
ors-olive-oil-creme-relaxer,Soins Cheveux,
gel-curl-wet-curly-pouss,Soins Cheveux,
oxydant-coloration-cheveux-mj-30-volumes,Soins Cheveux,
activilong-coco-damour-huile-caline,Soins Cheveux,
as-i-am-jamaican-black-castor-oil-shampoo,Soins Cheveux,
design-essentials-compositions-foaming-wrap-lotion-mousse-coiffant,Soins Cheveux,
100-naturelle-huile-de-chebe-yari,Soins Cheveux,
afro-naturel-crazy-pouss-bain-dhuile-cannabis-sativa,Soins Cheveux,
activilong-tendre-passion-passion-butter,Soins Cheveux,
shampooing-raw-shea-13oz,Soins Cheveux,
mielle-detangling-co-wash-for-dry-curly-hair-types,Soins Cheveux,
skala-cocktail-de-fruits-family,Soins Cheveux,
shampooing-sheamoisture-papaya-13oz,Soins Cheveux,
crazy-pouss-stick-wax-cire-coiffante,Soins Cheveux,
soarn-shampoing-fraichr-olive-menthe-poivree,Soins Cheveux,
crazy-pouss-laine-bresilienne,Soins Cheveux,
huile-jojoba-100-pure-250ml-yari,Soins Cheveux,
yari-huile-dail-naturelle,Soins Cheveux,
syoss-hair-spray-dark-brown,Soins Cheveux,
kit-cheveux-boucles-secrets-de-loly,Soins Cheveux,
ors-olive-oil-fix-it-wig-weave-detangler-spray-6-2-oz,Soins Cheveux,
curls-coconut-sublime-conditioner-14oz,Soins Cheveux,
as-i-am-jbco-conditioner-12oz,Soins Cheveux,
strengthening-edge-gel-mielle-rosemary-mint,Soins Cheveux,
leave-in-conditioner-sans-rincage-keracare-natural-textures,Soins Cheveux,
mielle-white-peony-leave-in-conditioner,Soins Cheveux,
curls-cashmere-caviar-hair-silk,Soins Cheveux,
gelee-cremeuse-styling-dream-curl-hibiscus,Soins Cheveux,
design-essentials-peppermint-aloe-soothing-scalp-shampoo-cleanse-relaxed-natural-hair,Soins Cheveux,
curls-goddess-botanical-gelle,Soins Cheveux,
curl-keeper-gel-activateur-de-boucles-gel-frizz-control-240ml,Soins Cheveux,
masque-shea-moisture-african-black-soap-bamboo-charcoal-purification-masque,Soins Cheveux,
serge-destel-masque-capillaire-cheveux-sec-frises,Soins Cheveux,
wonder-lace-bond-wig-adhesive-spray-extreme-firm-hold-14-2oz-400ml,Soins Cheveux,
cantu-guava-scalp-relief-conditioner,Soins Cheveux,
coloration-permanente-poudre-de-henne-henna,Soins Cheveux,
creme-de-conditionnement-keracare-2,Soins Cheveux,
snf-2in1-curl-activating-lotion-32oz,Soins Cheveux,
leave-in-extra-moisture-detangler-shea-moisture-raw-shea-butter-2,Soins Cheveux,
aunt-jackies-grapseed-ice-curly-glossy-curling-jelly,Soins Cheveux,
african-pride-olive-relaxer-kit-super,Soins Cheveux,
gummies-pousse-cheveux-cure-1-mois,Soins Cheveux,
as-i-am-rosemary-edge-control-gel-de-fixation-pour-les-temps,Soins Cheveux,
afro-naturel-crazy-botox-capillaire-au-tanin-shampooing-reparateur,Soins Cheveux,
betty-hutton-hair-pouss-plus,Soins Cheveux,
matte-finish-gummy,Soins Cheveux,
shampooing-fortifiant-activilong-actiforce,Soins Cheveux,
afro-naturel-crazy-pouss-crazy-curl-gelee-de-definition-de-boucles-pour-cheveux-frises-et-crepus,Soins Cheveux,
kc-moisturizing-curl-activator-355ml,Soins Cheveux,
kae-butter-cream-236-ml,Soins Cheveux,
activilong-tendre-passion-masque-sorbet,Soins Cheveux,
creme-of-nature-moisture-recovery-leave-in-curl-milk,Soins Cheveux,
shea-moisture-coconut-hibiscus-apres-shampoing-curl-shine,Soins Cheveux,
kymia-perfect-wax-cire-capillaire-naturelle-vegan-200g,Soins Cheveux,
kae-foaming-mousse,Soins Cheveux,
gommage-capillaire-coco-bambou-noix-soarn,Soins Cheveux,
soin-lavant-co-wash-shaeri,Soins Cheveux,
gelee-activatrice-de-boucles-jia,Soins Cheveux,
crazy-pouss-spray-hydratant-mangue,Soins Cheveux,
activilong-tendre-passion-gelee-fondante,Soins Cheveux,
shea-moisture-coconut-hibiscus-spray-hold-and-shine-moisture-mist,Soins Cheveux,
shampooing-embellisseur-hibiscus-miss-antilles,Soins Cheveux,
creme-fouettee-activilong-acticurl-hydra,Soins Cheveux,
aunt-jackies-revitalisant-intensif-lin-fix-my-hair-masque,Soins Cheveux,
s-curl-no-drip-activator-moisturizer-12oz,Soins Cheveux,
nappy-queen-baume-capillaire-200ml,Soins Cheveux,
traitement-placenta-choc-x-4-ampoules-10ml,Soins Cheveux,
kalia-creme-dhibiscus-3en1,Soins Cheveux,
activilong-acticurl-mousse-bouclante-2,Soins Cheveux,
jamaican-mango-lime-resistant-formula-locking-gel,Soins Cheveux,
leave-in-extra-moisture-detangler-shea-moisture-raw-shea-butter,Soins Cheveux,
crazy-pouss-beurre-de-karite-500g,Soins Cheveux,
brosse-curls-jia,Soins Cheveux,
shampoing-nourrissant-a-lhuile-de-pepins-de-figue-de-barbarie,Soins Cheveux,
casque-chauffant-pour-cheveux-crepus-evashair,Soins Cheveux,
eco-styler-argan-oil-16oz,Soins Cheveux,
activilong-actirepair-masque-soin-reparateur,Soins Cheveux,
crazy-pouss-edge-huile-de-ricin,Soins Cheveux,
creme-of-nature-argan-oil-perfect-7-n-1-leave-in-treatment,Soins Cheveux,
ors-olive-oil-liquifix-spritz-gel,Soins Cheveux,
kc-ist-lather-shampoo-240ml,Soins Cheveux,
kids-smoothing-and-styling-gel,Soins Cheveux,
activilong-acticurl-spray-activateur-de-boucles,Soins Cheveux,
shea-moisture-curl-and-style-milk-8oz,Soins Cheveux,
baume-capillaire-purepouss,Soins Cheveux,
activilong-acticurl-soin-lavant-co-wash,Soins Cheveux,
tinted-lace-aerosol-spray-150ml-dark-brown,Soins Cheveux,
as-i-am-classic-curl-clarity-shampoo,Soins Cheveux,
les-secrets-de-loly-kurl-glow-gel-in-oil-3-en-1,Soins Cheveux,
morfose-royal-black-temporary-hair-color-spray,Soins Cheveux,
as-i-am-classic-cocoshea-spray,Soins Cheveux,
annie-hair-dryer-nozzle-3000,Soins Cheveux,
cantu-for-kids-styling-custard-wt-8-oz,Soins Cheveux,
chebe-strengthening-curl-perfecting-mousse,Soins Cheveux,
design-essentials-natural-hair-almond-avocado-curl-enhancing-mousse,Soins Cheveux,
cantu-avocado-hydrating-conditioner,Soins Cheveux,
aloe-locks-creme-de-mangue,Soins Cheveux,
masque-mielle-babassu-mint-deep-conditioner,Soins Cheveux,
accelerateur-de-pousse,Soins Cheveux,
aloe-locks-hibiscus-mousse-perfection-foam-sans-silicone,Soins Cheveux,
rosemary-water-daily-strengthening-mist,Soins Cheveux,
cantu-shea-butter-define-shine-custard,Soins Cheveux,
activilong-shampooing-lissant,Soins Cheveux,
kc-essential-oils-240ml,Soins Cheveux,
ors-olive-oil-edge-control-hair-gel,Soins Cheveux,
strengthen-and-restore-smoothie-shea-moisture-jamaican-black-castor-oil,Soins Cheveux,
eco-styler-proteine-32oz,Soins Cheveux,
acticurl-serum-definissant,Soins Cheveux,
as-i-am-jbco-water-spray-hydratant-avec-ceramide-et-vitamine-c-et-e,Soins Cheveux,
design-essentials-african-chebe-herbal-pre-wash-intense-repair-masque-masque-cheveux-avant-shampoing,Soins Cheveux,
curls-so-so-def-curl-defining-jelly-8oz,Soins Cheveux,
curly-q-gellesc-gel-8oz,Soins Cheveux,
activilong-coco-damour-baume-fondant,Soins Cheveux,
kalia-nature-shampoing-solide-a-lhibiscus-60gr,Soins Cheveux,
dark-lovely-hair-color-384-light-golden-blonde,Soins Cheveux,
skala-expert-mais-crespinhos,Soins Cheveux,
cantu-moisturizing-curl-activator-cream,Soins Cheveux,
spray-regenerant-au-karite,Soins Cheveux,
kuza-100-indian-hemp-hair-scalp-treatment-113g,Soins Cheveux,
jamaican-black-castor-oil-strengthen-restore-conditioner,Soins Cheveux,
evashair-baume-fondant,Soins Cheveux,
actiforce-bain-dhuiles,Soins Cheveux,
camille-rose-almond-jai-twisting-butter,Soins Cheveux,
shampoo-brush-annie,Soins Cheveux,
growash-conditioner-lavant-454g-as-i-am-long-luxe,Soins Cheveux,
vatika-naturals-huile-capillaire-enrichie-en-proteine-doeuf-200-ml,Soins Cheveux,
ors-olive-oil-nourishing-sheen-spray-spray-brilliance,Soins Cheveux,
crazy-pouss-pommade-cactus-mangue-coco-150-ml,Soins Cheveux,
as-i-am-classic-twist-defining-cream,Soins Cheveux,
creme-of-nature-argan-gel-hair-burgundy-blaze,Soins Cheveux,
shea-moisture-african-black-soap-bamboo-charcoal-balancing-conditioner,Soins Cheveux,
soarn-leave-in-gourmand-500ml,Soins Cheveux,
shea-moisture-coconut-hibiscus-curl-moisture-co-wash,Soins Cheveux,
activilong-actigro-complexe-racine-biotine-vitamine-b2,Soins Cheveux,
design-essentials-natural-almond-avocado-moisturizing-detangling-sulfate-free-shampoo,Soins Cheveux,
keratin-complex-hard-finish-gummy,Soins Cheveux,
jessicurl-spiralicious-8oz,Soins Cheveux,
easy-pouss-lait-capillaire-2,Soins Cheveux,
crazy-locks-spray-hydratant-eau-de-rose-250ml,Soins Cheveux,
dark-lovely-hair-color-396-lum-blond,Soins Cheveux,
cantu-kids-care-nourishing-shampoo-237ml,Soins Cheveux,
rock-n-curls-conditioner-shampoo-watch-me-shine-effect-250-ml,Soins Cheveux,
masque-hydratant-aloe-locks,Soins Cheveux,
as-i-am-classic-doublebutter-cream,Soins Cheveux,
easy-pouss-curl-hibiscus-shampooing-magic-bubble-250ml,Soins Cheveux,
as-i-am-dry-itchy-scalp-care-oil-treatment,Soins Cheveux,
soarn-chantilly-de-karite-secret-garden,Soins Cheveux,
dark-lovely-hair-color-326-burgundy,Soins Cheveux,
pink-paradise-apres-shampoing-demelant-les-secrets-de-loly,Soins Cheveux,
cactus-gro-jamaican,Soins Cheveux,
lait-capillaire-moisturizing-avocado-hair-milk-mielle-organics-8oz,Soins Cheveux,
camille-rose-soin-sans-rincage-a-leau-de-coco-240-ml,Soins Cheveux,
les-secrets-de-loly-care-fusion-co-wash,Soins Cheveux,
generik-creme-colorante,Soins Cheveux,
activilong-tendre-passion-rincage-eclat,Soins Cheveux,
design-essentials-loc-braid-silicone-free-styling-gel-style-naturaltextured-hair,Soins Cheveux,
coconut-sublime-moisture-conditioner,Soins Cheveux,
parc-afro-batana-oil-hair-wax-stick-stick-wax-cire-coiffante,Soins Cheveux,
soarn-shampoing-sensitive,Soins Cheveux,
100-pure-huile-de-ricin-passee-a-froid-yari,Soins Cheveux,
parc-afro-pommade-capillaire,Soins Cheveux,
lait-capillaire-jia-paris,Soins Cheveux,
miss-antilles-international-poussitresses,Soins Cheveux,
gommage-capillaire,Soins Cheveux,
kae-milky-cream-236ml,Soins Cheveux,
afro-naturel-crazy-pouss-shampoing-hydratant-elabore-et-enrichi-a-leau-de-rose,Soins Cheveux,
root2tip-grow-it-long-scalp-serum-serum-hydratant,Soins Cheveux,
yari-huile-de-serpent-naturelle,Soins Cheveux,
shea-moisture-coconut-hibiscus-curl-shine-shampoo-8oz,Soins Cheveux,
100-huile-naturelle-kapilgair-huile-carotte,Soins Cheveux,
serum-definissant-activilong-acticurl-hydra,Soins Cheveux,
activilong-tendre-passion-shampooing-fruite,Soins Cheveux,
curls-cashmere-caviar-hair-bath-8oz,Soins Cheveux,
leave-in-wonder-smoothie-curl-hibiscus,Soins Cheveux,
kae-care-hydra-236-ml,Soins Cheveux,
crazy-pouss-edge-huile-de-neem,Soins Cheveux,
strenghthening-shampoo-mielle-rosemary-mint,Soins Cheveux,
masque-reparative-hair-mask-curls-blueberry-blis,Soins Cheveux,
leave-in-quenched-curls-boucles-hydratees,Soins Cheveux,
activilong-tendre-passion-mousse-de-maracuja,Soins Cheveux,
universal-beauty-gel-fixateur,Soins Cheveux,
curls-coconut-curlada-conditioner,Soins Cheveux,
dexe-hair-building-fibers,Soins Cheveux,
spray-capillaire-purepouss,Soins Cheveux,
crazy-pouss-wash-shampooing,Soins Cheveux,
yari-100-natural-castor-virgin-coconut-oil-250ml,Soins Cheveux,
design-essentials-natural-hair-african-chebe-anti-breakage-moisturizing-leav-in-conditionner,Soins Cheveux,
cowash-creme-lavante-douce-activilong-actiforce,Soins Cheveux,
serum-lissant-thermo-protecteur,Soins Cheveux,
shea-moisture-hi-slip-detangling-shampoo,Soins Cheveux,
lait-de-coiffage-fortifiant-soarn-au-karite-jojoba-ricin-500ml,Soins Cheveux,
crazy-pouss-botox-capillaire-au-tanin,Soins Cheveux,
easy-pouss-creme-de-cactus-250ml,Soins Cheveux,
shea-moisture-100-virgin-coconut-oil-daily-hydratation-body-wash,Soins Cheveux,
yari-huile-de-carapate-extra-foncee,Soins Cheveux,
easy-pouss-shampooing-vitamine,Soins Cheveux,
soarn-chantilly-de-karate-nairobi-road-corps-cheveux,Soins Cheveux,
amalico-batana-oil-pro-natural-hair-serum-100-ml-3-4-fl-oz,Soins Cheveux,
eco-styler-curl-and-wave-32oz,Soins Cheveux,
mielle-moisture-hawailan-ginger-moisturizing-scalp-treatment,Soins Cheveux,
crazy-locks-gelocks-bleu,Soins Cheveux,
cantu-sb-conditioning-creamy-hair-lotion-12oz,Soins Cheveux,
waam-beurre-de-cacao-bio,Soins Cheveux,
shampooing-nourrissant,Soins Cheveux,
creme-of-nature-argan-oil-perfect-edges,Soins Cheveux,
shampoing-naturel-doobaline,Soins Cheveux,
yari-huile-doignon-naturelle,Soins Cheveux,
kc-magic-detangling-brush,Soins Cheveux,
kalia-nature-baume-gourmand-a-lhuile-de-coco-100ml,Soins Cheveux,
pink-shortlooks-colorlaxer-kit-3-n-1-rouge,Soins Cheveux,
elastique-hair-band-12pcs-hb05,Soins Cheveux,
soarn-mousse-de-karite-100ml,Soins Cheveux,
dark-lovely-hair-color-371-jet-black,Soins Cheveux,
soarn-shampoing-boostr,Soins Cheveux,
kc-moisturinzing-co-wash-355ml,Soins Cheveux,
brume-hydratante-et-rafraichissante-aloe-locks-easy-pouss,Soins Cheveux,
100-natural-oils-36-in-1-yari,Soins Cheveux,
aunt-jackies-creme-demelante,Soins Cheveux,
crazy-pouss-lait-capillaire-3-en-1,Soins Cheveux,
easy-pouss-lait-capillaire-papaye-250-ml,Soins Cheveux,
dax-bergamot-pomade,Soins Cheveux,
root-twist-curls-styling,Soins Cheveux,
s-curl-comb-thru-texturizer-kit-regular,Soins Cheveux,
as-i-am-dry-itchy-scalp-care-leave-in-conditione,Soins Cheveux,
activilong-paris-actidetox-shampooing-purifiant-nettoie-assainit,Soins Cheveux,
beaute-insolente-creme-pure-energie-3-en-1,Soins Cheveux,
bain-dhuile-reparateur-pour-cheveu-au-carapate-miss-antilles,Soins Cheveux,
le-clay-charcoal-soften-moisture-replenish-shampoo,Soins Cheveux,
activilong-actiforce-brume-assouplissante,Soins Cheveux,
activilong-acticlassic-brillantine-coco-ricin,Soins Cheveux,
shampooing-activateur-de-boucles-activilong,Soins Cheveux,
mielle-rosemary-mint-strengthening-hair-masque,Soins Cheveux,
kalia-nature-lait-capillaire-a-lhuile-de-coco-250ml,Soins Cheveux,
honey-ginger-styling-gel-13oz,Soins Cheveux,
curls-blueberry-bliss-leave-in-conditioner-8oz,Soins Cheveux,
dark-lovely-hair-color-362-crimson-moon,Soins Cheveux,
annie-dye-brush-2914-large,Soins Cheveux,
huile-dolive-menthe-poivree-soarn,Soins Cheveux,
skala-expert-12-en-1,Soins Cheveux,
huile-de-macadamia-yari,Soins Cheveux,
shea-miracle-moisturizing-milk-african-pride,Soins Cheveux,
activilong-actidetox-apres-shampoing-hydratant,Soins Cheveux,
morfose-gel-wax-150ml,Soins Cheveux,
camille-rose-curl-love-moisture-milk,Soins Cheveux,
creme-de-soin-nourrissante-a-lhuile-dargan-et-huile-de-figue-de-barbarie,Soins Cheveux,
lait-hydratant-capillaire-nuage-vitamine-beaute-insolente,Soins Cheveux,
activilong-paris-coco-damour-baume-fondant,Soins Cheveux,
curl-keeper-definisseur-de-boucles-styling-cream-240ml,Soins Cheveux,
ors-olive-oil-glossing-hair-polisher-for-smoothing-6-oz,Soins Cheveux,
texture-my-way-curl-keeper-moisturizing-hair-lotion,Soins Cheveux,
dexe-ammonia-free-black-hair-shampoo-400ml,Soins Cheveux,
soarn-chantilly-de-karite-chantilly-de-karite-tropical-juicy-corps-cheveux,Soins Cheveux,
ors-huile-dolive-protection-relaxer-kit-regular,Soins Cheveux,
gelee-gourmande-260ml-coco-damour-2,Soins Cheveux,
crazy-locks-gelocks-noir-aloe-vera,Soins Cheveux,
kc-moisturinzing-shampoo,Soins Cheveux,
mielle-mint-almond-oil-blend-moisturizes-hair-and-scalp,Soins Cheveux,
pure-scrub-detoxifiant-pour-le-cuir-chevelu,Soins Cheveux,
gelee-control-jelly-curls-blueberry-bliss,Soins Cheveux,
lotion-croissance,Soins Cheveux,
easy-pouss-aloe-locks-shampooing,Soins Cheveux,
crazy-pouss-huile-ricin-coco-2-en-1-250ml,Soins Cheveux,
twist-and-define-cream-keracare-natural-textures,Soins Cheveux,
amalico-batana-oil-pro-natural-250ml,Soins Cheveux,
afro-naturel-crazy-pouss-shampooing-gommant,Soins Cheveux,
crazy-pouss-oh-loulou-500ml,Soins Cheveux,
design-essentials-herbal-complex-4-hair,Soins Cheveux,
rock-n-curls-defining-curls-cream-curls-on-top-250-ml,Soins Cheveux,
shea-moisture-apres-shampoing-reparateur,Soins Cheveux,
dobaline-lait-capillaire,Soins Cheveux,
as-i-am-coconut-cowash,Soins Cheveux,
camille-rose-curlaide-moisture-butter,Soins Cheveux,
cantu-sb-coconut-curling-cream,Soins Cheveux,
mousse-definissante-mielle-pomegranate-honey,Soins Cheveux,
kc-strengthening-thermal-protector-35oz,Soins Cheveux,
aj-grapeseed-recovery-conditioner-15oz,Soins Cheveux,
crazy-pouss-apres-shampooing-regenerant-karite,Soins Cheveux,
aloe-locks-gelee-baobab-cheveux-secs-et-ternes,Soins Cheveux,
curls-blueberry-hair-scalp-oil-4oz,Soins Cheveux,
complement-alimentaire-beaute-insolente,Soins Cheveux,
activilong-actigloss-brume-de-soin-jojoba-macadamia,Soins Cheveux,
amalico-batana-oil-pro-natural-shampo-500-ml-16-9-fl-oz,Soins Cheveux,
conditionneur-hydratant-cheveux-colores-keracare,Soins Cheveux,
shampooing-hydratant-keracare-curlessence-moisturizing-shampoo,Soins Cheveux,
creme-twist-and-shout-cream-curls-blueberry-bliss-2,Soins Cheveux,
shampoing-sunshine-clean-les-secrets-de-loly,Soins Cheveux,
quench-creme-anti-casse-root2tip-2-2,Soins Cheveux,
creme-chantilly-pour-definition-des-boucles-afroricci,Soins Cheveux,
mielle-pomegranate-honey-twisting-souffle-torsade-a-la-grenade-et-au-miel,Soins Cheveux,
aunt-jackies-coco-wash-coconut-milk-conditioning-cleanser,Soins Cheveux,
design-essentials-natural-almond-avocado-moisturizing-and-detangling-shampoo,Soins Cheveux,
root2tip-natural-whipped-150ml,Soins Cheveux,
design-essentials-natural-hair-african-chebe-strengthening-curl-perfecting-mousse,Soins Cheveux,
kc-natural-textures-defining-custard-8oz,Soins Cheveux,
crazy-locks-gelocks-au-baobab,Soins Cheveux,
ciao-bellissima-creme-leave-sans-rincage-250-ml,Soins Cheveux,
design-essentials-almond-avocado-honey-shea-edge-tamer,Soins Cheveux,
creme-hydratante-cheveux-crepus-boucles-as-i-am-double-butter,Soins Cheveux,
beaute-insolente-creme-boucles,Soins Cheveux,
easy-pouss-mousse-coiffante-aloe-vera-165ml,Soins Cheveux,
as-i-am-coil-defining-jelly-227g,Soins Cheveux,
shea-moisture-100-virgin-coconut-oil-daily-hydration-shampoo,Soins Cheveux,
kalia-nature-masque-coco-spiruline_300ml,Soins Cheveux,
huile-de-ricin-noire-dhaiti-lwil-evashair,Soins Cheveux,
bain-magic-dhuiles-vegetales-sjr-2,Soins Cheveux,
aloe-locks-gelee-a-laloe-vera-tea-tree-easy-pouss,Soins Cheveux,
secrets-de-loly-litchi-mure-lait,Soins Cheveux,
creme-of-nature-argan-oil-moisture-shine-shampoo-12oz,Soins Cheveux,
dexe-black-hair-shampoo,Soins Cheveux,
co-wash-creme-lavante,Soins Cheveux,
easy-pouss-huile-de-baobab,Soins Cheveux,
complexe-longueurs-ampoules-fortifiantes-2,Soins Cheveux,
wave-by-design-wave-lock,Soins Cheveux,
skala-divino-potao-treatment-1000g,Soins Cheveux,
design-essentials-natural-african-chebe-braid-twist-out-strengthening-creme,Soins Cheveux,
cantu-leave-in-conditioner-cream-340g,Soins Cheveux,
brume-legere-260ml-coco-damour-2,Soins Cheveux,
edge-control-beaute-insolente,Soins Cheveux,
as-i-am-classic-hydration-elation,Soins Cheveux,
mielle-rice-water-collection-split-end-therapy,Soins Cheveux,
les-secrets-de-loly-kurl-fusion-multitextures-gel-cream,Soins Cheveux,
kae-detox-shampoo,Soins Cheveux,
parc-afro-beurre-de-batana-batana-butter-100ml,Soins Cheveux,
activilong-hot-oils-hair-cares-bain-dhuiles-2,Soins Cheveux,
brume-hydratante-aloe-locks,Soins Cheveux,
as-i-am-detangling-conditioner,Soins Cheveux,
pure-pousse-gamme-et-shampoing-3-mois-dutilisation,Soins Cheveux,
crazy-locks-magic-locks-shampoo,Soins Cheveux,
curls-cocontractant-sublime-conditioner,Soins Cheveux,
crazy-locks-huile-locks-menthe-poivree-250ml,Soins Cheveux,
shampoing-purifiant-papaye-250ml-miss-antilles-international,Soins Cheveux,
les-secrets-de-loly-masque-repair-time,Soins Cheveux,
creme-of-nature-day-night-hair-scalp-conditioner-135g,Soins Cheveux,
yari-huile-essentielle-de-citron-naturelle,Soins Cheveux,
dabur-amla-hair-oil-natural-care-for-beautiful-hair,Soins Cheveux,
akhaia-natural-cosmetics-soin-aux-plantes-detox-purifie,Soins Cheveux,
sage-lychee-hair-masque-for-hair-strength,Soins Cheveux,
magic-fingers-gel-for-braids,Soins Cheveux,
crazy-pouss-lait-capillaire-hydratant-menthe-poivr,Soins Cheveux,
as-i-am-classic-smoothing-gel,Soins Cheveux,
kit-cheveux-ondules-secrets-de-loly,Soins Cheveux,
travel-kit-frises-a-crepus-jia,Soins Cheveux,
cooling-mint-invigorating-leave-in-conditioner,Soins Cheveux,
african-black-soap-bamboo-charcoal-shampoo,Soins Cheveux,
serum-riche-croissance-actigro-activilong,Soins Cheveux,
creme-of-nature-argan-oil-foam-wrap-mousse-7oz,Soins Cheveux,
jamaican-mango-lime-locking-creme-wax,Soins Cheveux,
easy-pouss-hydra-masque,Soins Cheveux,
curls-sea-kelp-cucumber-hair-masque-8oz,Soins Cheveux,
brume-hydratante-multricroissance,Soins Cheveux,
kc-dry-itchy-scalp-glossifier-39oz,Soins Cheveux,
cantu-shea-butter-coil-calm-detangler-8oz,Soins Cheveux,
masque-capillaire,Soins Cheveux,
tinted-lace-aerosol-spray-150ml-medium-dark-brown,Soins Cheveux,
waam-creme-visage-bio-base-neutre,Soins Cheveux,
sb-botanical-relaxer-kit-super-coarse,Soins Cheveux,
as-i-am-rr-apres-shampoing-355ml,Soins Cheveux,
rockn-curls-crema-leave-in-dreams,Soins Cheveux,
creme-of-nature-hair-color-exotic-shine-soft-black-3-0,Soins Cheveux,
design-essential-almond-avocado-leave-in-conditionner,Soins Cheveux,
jamaican-mango-lime-cool-scalp-braid-twist-loc-gel,Soins Cheveux,
crazy-pouss-lotion-capillaire-croissance-100ml,Soins Cheveux,
keracare-creme-de-decrepage-cream-press,Soins Cheveux,
shampoing-clarifiant,Soins Cheveux,
activilong-coco-damour-creme-sorbet,Soins Cheveux,
soarn-masque-gourmand-reparation-intense,Soins Cheveux,
cantu-demelant-revitalisant-sans-rincage-adoucit-les-cheveux-pour-des-boucles-faciles-a-peignercantu-demelant-revitalisant-conditioning-detangler-sans-rincage-adoucit-les-cheveux-pour-des-boucles-faci,Soins Cheveux,
ic-fantasia-spray-brazilian-hair-oil-keratin-serum-171ml,Soins Cheveux,
design-essentials-natural-agave-lavender-blow-dry-silk-press-collection-moisturizing-detangling-conditionner,Soins Cheveux,
sage-lychee-repair-and-strengthen-conditioner-12oz,Soins Cheveux,
conditionneur-de-maintien-sans-rincage-keracare,Soins Cheveux,
as-i-am-rosemary-conditioner-apres-shampoing,Soins Cheveux,
easy-pouss-huile-de-chanvre,Soins Cheveux,
cantu-shea-butter-moisturizing-twist-loc-curl-gel,Soins Cheveux,
kalia-nature-shampoing-a-la-bay-st-thomas-250ml,Soins Cheveux,
cantu-wave-whip-curling-mousse-248ml,Soins Cheveux,
gummies-cheveux-beaute-insolente,Soins Cheveux,
shampooing-doux-nappy-queen,Soins Cheveux,
co-wash-jia-paris,Soins Cheveux,
root2tip-twist-and-curls-styling-pudding,Soins Cheveux,
yari-huile-de-sesame-naturelle,Soins Cheveux,
deep-treatment-masque-raw-shea-butter-de-shea-moisture,Soins Cheveux,
kalia-nature-baume-precieux-a-la-sapote-100ml,Soins Cheveux,
hair-vitamins-jia-paris,Soins Cheveux,
apres-shampoing-demelant-mielle-pomegranate-honey,Soins Cheveux,
activilong-acticurl-gelee-scrunching,Soins Cheveux,
camille-rose-rosemary-oil-strengthening-hair-scalp-drops,Soins Cheveux,
shea-moisture-coconut-hibiscus-curl-shine-hair-masque-12oz,Soins Cheveux,
soarn-apres-shampoing-sensitive,Soins Cheveux,
wonder-lace-bond-wig-adhesive-spray-sensitive-14-2oz-420ml,Soins Cheveux,
activilong-acticurl-mousse-bouclante,Soins Cheveux,
ors-heat-protection-serum-6-oz,Soins Cheveux,
programme-entretien-cheveux-curls,Soins Cheveux,
shampoing-hydratant-jia,Soins Cheveux,
shampooing-fortifiant-soarn-au-karite-jojoba-ricin,Soins Cheveux,
as-i-am-rosemary-oil-huile-de-romarin,Soins Cheveux,
belle-anse-creme-hydratante-capillaire,Soins Cheveux,
activilong-coco-damour-mousse-chantilly,Soins Cheveux,
traitement-cuir-chevelu-shea-moisture-african-black-soap-charcoal-scalp-tonic-treatment,Soins Cheveux,
design-essentials-scalp-and-skin-care-moisturizing-oil-tratment-lavender-marula,Soins Cheveux,
born-curly-gentle-hair-body-cleansing-gel-for-children-240ml,Soins Cheveux,
shea-moisture-coconut-hibiscus-curl-shine-shampoo,Soins Cheveux,
s-curl-wave-gel-activactor-105oz,Soins Cheveux,
stretch-pudding-detirement-shea-moisture-red-palm-oil-et-cocoa,Soins Cheveux,
serge-destel-shampoing-cheveux-boucles,Soins Cheveux,
crazy-pouss-lait-capillaire-moelle-de-boeuf,Soins Cheveux,
curae-mucus-descargot-60ml,Soins Cheveux,
curls-blissful-lengths-hair,Soins Cheveux,
kae-style-shine-serum,Soins Cheveux,
soarn-serum-ail-moutarde-amla-100ml,Soins Cheveux,
huile-dowala-aloe-locks,Soins Cheveux,
crazy-pouss-lait-capillaire-mangue,Soins Cheveux,
mielle-rosemary-mint-blend-strenghtening-conditioner-infused-w-biotin-encourages-longer-healthier-hair,Soins Cheveux,
crazy-pouss-bain-dhuile-mangue,Soins Cheveux,
as-i-am-curling-jelly,Soins Cheveux,
cream-of-nature-oil-treatment,Soins Cheveux,
surface-curls-serum,Soins Cheveux,
kuza-nutritious-hair-food-with-vitamins-ae-8-oz,Soins Cheveux,
as-i-am-bond-conditioner,Soins Cheveux,
skala-expert-babosa,Soins Cheveux,
shampooing-activateur-de-boucles-activilong-acticurl-hydra,Soins Cheveux,
apres-shampooing-demelant,Soins Cheveux,
mon-huile-eclat-sublime-beaute-insolente,Soins Cheveux,
crazy-pouss-huile-a-lhuile-dolive,Soins Cheveux,
mielle-moisture-hawailan-ginger-moistutizing-overnight-conditioner,Soins Cheveux,
got2b-black-gel-150ml,Soins Cheveux,
pure-pousse-gamme-pure-pousse-3-mois-dutilisation,Soins Cheveux,
curls-curl-ecstasy-hair-tea-deep-conditioner-14oz,Soins Cheveux,
skala-dona-skala-treatment-1000g,Soins Cheveux,
parc-afro-batana-oil-cire-coiffante-150ml,Soins Cheveux,
shea-moisture-jbco-conditioner-strengthen-restore-grow,Soins Cheveux,
as-i-am-jbco-smoothie-8oz,Soins Cheveux,
design-esssentials-scalp-care-anti-itch-tension-relief,Soins Cheveux,
lotion-capillaire-hydratante-a-lhuile-rose-32-oz,Soins Cheveux,
kae-fresh-shampoo-236-ml,Soins Cheveux,
shampoing-doux-a-la-rose,Soins Cheveux,
casual-look-gummy,Soins Cheveux,
easy-pouss-shampoing-kigelia,Soins Cheveux,
conditioner-masque-fortifiant-355ml-as-i-am-long-luxe,Soins Cheveux,
curls-creamy-cleanser,Soins Cheveux,
crazy-locks-shampoing-a-sec-250ml,Soins Cheveux,
huile-davocat-yari,Soins Cheveux,
natural-hair-concept-ultra-hydrating-shampoo,Soins Cheveux,
olive-oil-aloe-shampoo,Soins Cheveux,
creme-of-nature-argan-oil-creamy-oil-moisturising-hair-lotion,Soins Cheveux,
beurre-de-karite-cacao-soarn,Soins Cheveux,
shinen-jam-%e2%89%a1-conditioning-gel-extra-hold,Soins Cheveux,
parc-afro-batana-oil-huile-de-batana-mousse-nourissante,Soins Cheveux,
aunt-jackies-dont-shrink-flaxseed-elongating-curling-gel-15-oz,Soins Cheveux,
afro-naturel-crazy-pouss-shampooing-hydratant-mangue,Soins Cheveux,
mielle-pure-simple-natural-honey-ginger-flexible-hold-edge-gel-hold-thats-both-soft-manageable,Soins Cheveux,
dark-lovely-hair-color-378-honey-blond,Soins Cheveux,
creme-of-nature-pure-honey-moisture-replenish-strength-hair-mask,Soins Cheveux,
crazy-pouss-huile-de-carotte,Soins Cheveux,
cantu-sb-natural-deep-treatment-masque-12oz,Soins Cheveux,
spray-hydratant-jia-paris,Soins Cheveux,
easy-pouss-apres-shampoing-cire-dabeille,Soins Cheveux,
kc-thermal-wonder-cream-cleansing-shampoo-240ml,Soins Cheveux,
brume-parfumee-beaute-insolente,Soins Cheveux,
kae-poo-hydra-236-ml,Soins Cheveux,
cantu-shea-butter-coconut-oil-shine-hold-mist,Soins Cheveux,
beaute-insolente-shampoing-purifiant,Soins Cheveux,
annie-60-bob-pins-3308,Soins Cheveux,
shampoing-hydratant-bulle-doxygene-beaute-insolente,Soins Cheveux,
crazy-pouss-spray-perruque-lace-giga-bond,Soins Cheveux,
parc-afro-batana-oil-huile-de-batana-250ml,Soins Cheveux,
creme-of-nature-argan-oil-moisture-shine-curl-activator-creme,Soins Cheveux,
100-natural-vitamin-e-oil,Soins Cheveux,
crazy-pouss-leave-in-activateur-de-boucles,Soins Cheveux,
bio-pouss-huile-daloe-vera-100-naturel-100ml,Soins Cheveux,
design-essential-agave-lavender-weightless-thermal-protectant-serum,Soins Cheveux,
sheamoisture-papaya-and-neroli-control-conditioner-13oz,Soins Cheveux,
ors-olive-oil-creme-styler,Soins Cheveux,
huile-dargan-100-pure-250ml-yari,Soins Cheveux,
design-essentials-scalp-care-vitamin-drops-vitamin-e,Soins Cheveux,
eponge-twist-petite,Soins Cheveux,
elixir-pousse-purepouss,Soins Cheveux,
got2b-glued-extreme-freeze-spray-schwarzkopf,Soins Cheveux,
bbhair-coloration-doxydation-sans-ammoniaque-plex-100-ml,Soins Cheveux,
curly-q-creme-de-shampoing-curlie-cutie-cleansing-cream,Soins Cheveux,
design-essentials-peppermint-aloe-soothing-scalp-tonic,Soins Cheveux,
crazy-pouss-shampoing-gommant-cheveux-boucles,Soins Cheveux,
creme-of-nature-pure-honey-knot-away-leave-in-detangler,Soins Cheveux,
keracare-1st-lather-shampoo,Soins Cheveux,
adore-color-71-intense-red-4oz,Soins Cheveux,
jia-apres-shampoing-demele-nourrit,Soins Cheveux,
kc-natural-textures-cleansing-cream-8oz,Soins Cheveux,
avlon-texture-release-protecteur-thermique-120ml,Soins Cheveux,
protect-my-hair-apres-shampoing-kalia-nature,Soins Cheveux,
lotion-coiffante-shea-moisture-jamaican-black-castor-oil,Soins Cheveux,
motions-oil-sheen-conditioning-spray,Soins Cheveux,
ors-olive-oil-max-moisture-leave-in-conditioner,Soins Cheveux,
creme-of-nature-hair-color-exotic-shine-bronze-copper-764,Soins Cheveux,
lait-hydratant-deep-moisture-milk-cream-design-essentials-coconut-et-monoi,Soins Cheveux,
huile-amla-gold-cheveux,Soins Cheveux,
shake-over-spray-applicator,Soins Cheveux,
les-secrets-de-loly-curl-glow-gel-in-oil-3-en-1,Soins Cheveux,
moisturising-dry-defense-conditioner,Soins Cheveux,
leave-in-conditionneur-sans-rincage-design-essentials-natural,Soins Cheveux,
sulfur8-orginal-conditioner,Soins Cheveux,
mielle-rosemary-mint-strengthening-pomade-to-oil-scalp-hair-quencher,Soins Cheveux,
dax-black-bees-wax,Soins Cheveux,
natural-hair-concept-curl-defining-cream,Soins Cheveux,
activilong-junior-shampoing,Soins Cheveux,
crazy-pouss-edge-huile-de-ricin-noir,Soins Cheveux,
huile-regenerante-douceur-epicee-beaute-insolente,Soins Cheveux,
extra-shining-pro-style-hair-gel-wax,Soins Cheveux,
les-secrets-de-loly-perfect-match-super-fruit-shampoing,Soins Cheveux,
ors-olive-oil-edge-gellie,Soins Cheveux,
salon-pro-exclusive-30-sec-glue-residue-remover-shampoo,Soins Cheveux,
huile-de-brocoli-100ml-waam,Soins Cheveux,
creme-of-nature-coconit-milk-24hr-edge-tamer,Soins Cheveux,
beurre-capillaire-shine-butter-shea-moisture-red-palm-oil-et-cocoa,Soins Cheveux,
shampoing-hydratant-multricroissance,Soins Cheveux,
gelee-mangue-aloe-locks,Soins Cheveux,
dark-lovely-hair-color-394-vivacious-red,Soins Cheveux,
peigne-a-queue,Soins Cheveux,
activilong-acticurl-apres-shampoing-sublimateur,Soins Cheveux,
lait-coiffant-sans-rincage-multricroissance,Soins Cheveux,
curlicious-curls-sulfate-free-cleanser-curls,Soins Cheveux,
shampooing-douceur-250ml-coco-damour,Soins Cheveux,
curls-creme-brule,Soins Cheveux,
kalia-nature-baume-fondant-a-lhibiscus-100ml,Soins Cheveux,
beaute-insolente-shampoing-boucles,Soins Cheveux,
creme-of-nature-pure-honey-break-up-breakage-leave-in-conditioner,Soins Cheveux,
nube-beauty-huile-seche,Soins Cheveux,
soarn-huile-olive-menthe-poivree,Soins Cheveux,
soin-quotidien-hydratant-demelant,Soins Cheveux,
hair-booster-jia-paris,Soins Cheveux,
keratin-complex-bright-max-hold-gummy,Soins Cheveux,
skala-expert-divino-potao,Soins Cheveux,
as-i-am-jbco-masque-hydratant-reparateur-avec-vitamine-c-et-e,Soins Cheveux,
kae-detox-conditioner-236-ml,Soins Cheveux,
shea-moisture-papaya-milk-gel-8oz,Soins Cheveux,
keracare-curlessence-moisturizing-conditioner-jbco,Soins Cheveux,
crazy-pouss-huile-de-ricin-100-pure,Soins Cheveux,
afro-naturel-apres-shampooing-moelle-de-boeuf,Soins Cheveux,
acticurl-shampooing-activateur-de-boucles-300ml,Soins Cheveux,
curls-creme-coiffante-pour-boucles,Soins Cheveux,
wave-by-design-moisture-wrap,Soins Cheveux,
olive-oil-sulfate-free-hydrating-shampoo,Soins Cheveux,
apres-shampooing-demelant-nappy-queen,Soins Cheveux,
kalia-nature-shampoing-liquide-ortie-250ml,Soins Cheveux,
ors-hairestore-hair-mayonnaise-1l,Soins Cheveux,
shea-moisure-raw-shea-butter-deep-moisturizing-shampoo,Soins Cheveux,
cantu-shea-butter-grow-strong-strengthening-treatment,Soins Cheveux,
brosse-de-massage-stimulante-jia-paris,Soins Cheveux,
kc-conditioning-creme-hairdress-8oz,Soins Cheveux,
waam-huile-de-lin-100ml,Soins Cheveux,
shampoing-regenerant-au-karite,Soins Cheveux,
easy-pouss-edge-marron,Soins Cheveux,
skala-expert-mais-lisos-2en-1,Soins Cheveux,
gel-creme-de-definition-design-essentials-natural,Soins Cheveux,
pure-pousse-gummies-pousse-cure-3-mois,Soins Cheveux,
curl-boss-coconut-curling-gelee-gel-bouclant-au-coco,Soins Cheveux,
100-huile-dakpi-yari,Soins Cheveux,
eco-styler-argan-oil-8oz,Soins Cheveux,
activilong-tendre-passion-brume-infusion,Soins Cheveux,
wig-cap-0892-brown,Soins Cheveux,
design-essentials-silk-essentials-thermal-strengthening-serum,Soins Cheveux,
yari-huile-de-fenugrec-naturelle,Soins Cheveux,
jbco-strengthen-restore-leave-in-conditioner,Soins Cheveux,
creme-lustrante-keracare,Soins Cheveux,
curls-peek-a-boo-shampoing-bebe-8oz,Soins Cheveux,
ic-fantasia-serum-protecteur-thermique-heat-protector-178ml,Soins Cheveux,
soarn-huile-jojoba-ricin-100ml,Soins Cheveux,
dark-lovely-hair-color-372-natural-black,Soins Cheveux,
creme-of-nature-gel-argan-honey-blonde,Soins Cheveux,
yari-100-pure-raw-shea-butter,Soins Cheveux,
curls-ultimate-creamy-curl-gel,Soins Cheveux,
crazy-pouss-lotion-capillaire-concentree-a-lhuile-essentielle-de-romarin,Soins Cheveux,
cantu-sb-cleansing-cream-shampoo-135oz,Soins Cheveux,
curls-so-so-fresh-scalp-treatment-pineapple-4oz,Soins Cheveux,
skala-mais-cachos-2in1-treatment-1000g,Soins Cheveux,
activilong-actiliss-shampooing-prolongateur-de-lissage,Soins Cheveux,
actidetox-spray-micellaire-rafraichissant,Soins Cheveux,
creme-of-nature-aloe-black-castor-reconst-leave-in-236-5-ml,Soins Cheveux,
blaq-luxury-sage-lychee-daily-styling-lotion,Soins Cheveux,
acticurl-leave-in,Soins Cheveux,
elastique-noir-12pcs,Soins Cheveux,
aunt-jackies-oh-so-clean-moisturizing-softening-shampoo,Soins Cheveux,
aloe-locks-hibiscus-brume-ultra-hydratante-super-moisturizing-mist,Soins Cheveux,
creme-hydratante-intense-design-essentials-coconut-et-monoi-2,Soins Cheveux,
lait-de-coiffage-fortifiant-soarn-au-karite-jojoba-ricin,Soins Cheveux,
apres-shampooing-jacmel-evashair-masque,Soins Cheveux,
leave-in-actiforce-soin-sans-rincage-activilong,Soins Cheveux,
creme-of-nature-argan-oil-from-morocco,Soins Cheveux,
ti-shampooing-conditionneur-actikids-300ml,Soins Cheveux,
cantu-argan-oil-leave-in-conditioning-repair-cream,Soins Cheveux,
yari-huile-de-menthe-poivree-naturelle,Soins Cheveux,
travel-kit-ondules-a-boucles,Soins Cheveux,
soarn-huile-oleine-de-karite-arbre-a-the-100,Soins Cheveux,
pommade-mielle-mongongo-oil,Soins Cheveux,
natural-hair-agave-lavender-blow-dry-styling-primer,Soins Cheveux,
shampooing-reparateur-activilong-actirepair,Soins Cheveux,
masque-soin-demelant-activilong,Soins Cheveux,
kalia-nature-gelee-dhibiscus-250ml,Soins Cheveux,
lait-capillaire-triple-m-root2tip,Soins Cheveux,
ors-organic-root-stimulator-hair-mayonnaise-454g,Soins Cheveux,
easy-pouss-nutri-masque,Soins Cheveux,
easy-pouss-cire-coiffante-invisible-100ml,Soins Cheveux,
lait-thermo-protecteur-activilong-acticurl-expert,Soins Cheveux,
huile-aloe-vera-yari,Soins Cheveux,
as-i-am-classic-coconut-cowash,Soins Cheveux,
yari-huile-de-carapate-jamaicaine-originale,Soins Cheveux,
creme-of-nature-coconut-milk-detangling-conditionning-conditioner,Soins Cheveux,
activateur-de-pousse-secret-croissance-beaute-insolente,Soins Cheveux,
shake-over-fibres-capillaires-densifiantes-vegan,Soins Cheveux,
masque-soin-conditionneur-activilong-acticurl-hydra,Soins Cheveux,
kalia-nature-gel-au-miel-250ml,Soins Cheveux,
root2tip-dream-cream,Soins Cheveux,
gelee-coco-aloe-locks,Soins Cheveux,
hydra-masque-demelant-easy-pouss,Soins Cheveux,
afro-naturel-crazy-pouss-magic-spritzz-spray-capillaire-fixant,Soins Cheveux,
shea-moisture-coconut-hibiscus-curl-enhancing-smoothie,Soins Cheveux,
dark-lovely-hair-color-376-red-hot-rhythm,Soins Cheveux,
crazy-pouss-soin-profond-assouplissant-apres-shampooing,Soins Cheveux,
waam-base-gel-lavant-doux-bio,Soins Cheveux,
crazy-pouss-huile-macadamia,Soins Cheveux,
humecteur-a-lhuile-de-jojoba-oil-moisturizer-keracare,Soins Cheveux,
pure-pousse-gamme-elixir-pousse-3-mois-dutilisation,Soins Cheveux,
huille-de-rose-100-naturelle-yari,Soins Cheveux,
salon-pro-exclusives-glue-residue-remover-shampoo,Soins Cheveux,
shea-moisture-raw-shea-butter-deep-moisturizing-masque,Soins Cheveux,
kc-styling-wax-stick-2-6-oz,Soins Cheveux,
skala-frutastica-maracuja,Soins Cheveux,
camille-rose-naturals-moisturizing-honey-conditioner-266ml,Soins Cheveux,
johnson-johnson-baby-shampoo,Soins Cheveux,
crazy-pouss-shampooing-a-la-moelle-de-boeuf,Soins Cheveux,Shampooing
activilong-shampooing-protecteur,Soins Cheveux,Shampooing
as-i-am-long-luxe-gro-yogurt,Soins Cheveux,Shampooing
as-i-am-bond-shampoo,Soins Cheveux,Shampooing
crazy-pouss-shampooing-hydratant-menthe-poivree,Soins Cheveux,Shampooing
aunt-jackies-coco-repair,Soins Cheveux,Shampooing
activilong-shampooing-lissant-ricin-acticlassic,Soins Cheveux,Shampooing
design-essentials-agave-lavender-moisturizing-strengthening-shampoo,Soins Cheveux,Shampooing
design-essentials-scalp-care-anti-itch-tension-relief-scalp-butter,Soins Cheveux,Shampooing
cantu-shea-butter-oil-sheen-deep-conditioning-spray,Soins Cheveux,Shampooing
shea-moisture-raw-shea-butter-deep-moisturizing-conditioner,Soins Cheveux,Shampooing
aloe-locks-hibiscus-shamoing-refresf-refresh-shampoo-sans-sulfate-sans-silicone,Soins Cheveux,Shampooing
shampooing-colorant-noir-cheveux-blancs-dexe,Soins Cheveux,Shampooing
hydrating-cream-conditioner,Soins Cheveux,Shampooing
keracare-grand-format-leave-in-conditioner-sans-rincage-natural-textures-475ml,Soins Cheveux,Shampooing
kalia-nature-apres-shampoing-a-la-sapote,Soins Cheveux,Shampooing
as-i-am-leave-in-conditioner,Soins Cheveux,Shampooing
shampoing-rhassoul,Soins Cheveux,Shampooing
actikids-apres-shampooing-300ml,Soins Cheveux,Shampooing
creme-of-nature-argan-oil-strenght-shine-leave-in-conditioner,Soins Cheveux,Shampooing
as-i-am-jamaican-black-castor-oil-shampoo,Soins Cheveux,Shampooing
shampooing-raw-shea-13oz,Soins Cheveux,Shampooing
shampooing-sheamoisture-papaya-13oz,Soins Cheveux,Shampooing
soarn-shampoing-fraichr-olive-menthe-poivree,Soins Cheveux,Shampooing
design-essentials-peppermint-aloe-soothing-scalp-shampoo-cleanse-relaxed-natural-hair,Soins Cheveux,Shampooing
cantu-guava-scalp-relief-conditioner,Soins Cheveux,Shampooing
afro-naturel-crazy-botox-capillaire-au-tanin-shampooing-reparateur,Soins Cheveux,Shampooing
gommage-capillaire-coco-bambou-noix-soarn,Soins Cheveux,Shampooing
leave-in-extra-moisture-detangler-shea-moisture-raw-shea-butter,Soins Cheveux,Shampooing
shampoing-nourrissant-a-lhuile-de-pepins-de-figue-de-barbarie,Soins Cheveux,Shampooing
as-i-am-classic-curl-clarity-shampoo,Soins Cheveux,Shampooing
activilong-shampooing-lissant,Soins Cheveux,Shampooing
design-essentials-african-chebe-herbal-pre-wash-intense-repair-masque-masque-cheveux-avant-shampoing,Soins Cheveux,Shampooing
kalia-nature-shampoing-solide-a-lhibiscus-60gr,Soins Cheveux,Shampooing
jamaican-black-castor-oil-strengthen-restore-conditioner,Soins Cheveux,Shampooing
design-essentials-natural-almond-avocado-moisturizing-detangling-sulfate-free-shampoo,Soins Cheveux,Shampooing
cantu-kids-care-nourishing-shampoo-237ml,Soins Cheveux,Shampooing
les-secrets-de-loly-care-fusion-co-wash,Soins Cheveux,Shampooing
soarn-shampoing-sensitive,Soins Cheveux,Shampooing
afro-naturel-crazy-pouss-shampoing-hydratant-elabore-et-enrichi-a-leau-de-rose,Soins Cheveux,Shampooing
shea-moisture-coconut-hibiscus-curl-shine-shampoo-8oz,Soins Cheveux,Shampooing
activilong-tendre-passion-shampooing-fruite,Soins Cheveux,Shampooing
strenghthening-shampoo-mielle-rosemary-mint,Soins Cheveux,Shampooing
crazy-pouss-wash-shampooing,Soins Cheveux,Shampooing
design-essentials-natural-hair-african-chebe-anti-breakage-moisturizing-leav-in-conditionner,Soins Cheveux,Shampooing
shea-moisture-hi-slip-detangling-shampoo,Soins Cheveux,Shampooing
lait-de-coiffage-fortifiant-soarn-au-karite-jojoba-ricin-500ml,Soins Cheveux,Shampooing
easy-pouss-shampooing-vitamine,Soins Cheveux,Shampooing
shampoing-naturel-doobaline,Soins Cheveux,Shampooing
soarn-shampoing-boostr,Soins Cheveux,Shampooing
kc-moisturinzing-co-wash-355ml,Soins Cheveux,Shampooing
as-i-am-dry-itchy-scalp-care-leave-in-conditione,Soins Cheveux,Shampooing
activilong-paris-actidetox-shampooing-purifiant-nettoie-assainit,Soins Cheveux,Shampooing
le-clay-charcoal-soften-moisture-replenish-shampoo,Soins Cheveux,Shampooing
shampooing-activateur-de-boucles-activilong,Soins Cheveux,Shampooing
activilong-actidetox-apres-shampoing-hydratant,Soins Cheveux,Shampooing
activilong-paris-coco-damour-baume-fondant,Soins Cheveux,Shampooing
dexe-ammonia-free-black-hair-shampoo-400ml,Soins Cheveux,Shampooing
kc-moisturinzing-shampoo,Soins Cheveux,Shampooing
afro-naturel-crazy-pouss-shampooing-gommant,Soins Cheveux,Shampooing
design-essentials-herbal-complex-4-hair,Soins Cheveux,Shampooing
easy-pouss-mousse-coiffante-aloe-vera-165ml,Soins Cheveux,Shampooing
creme-of-nature-argan-oil-moisture-shine-shampoo-12oz,Soins Cheveux,Shampooing
dexe-black-hair-shampoo,Soins Cheveux,Shampooing
design-essentials-natural-african-chebe-braid-twist-out-strengthening-creme,Soins Cheveux,Shampooing
as-i-am-classic-hydration-elation,Soins Cheveux,Shampooing
les-secrets-de-loly-kurl-fusion-multitextures-gel-cream,Soins Cheveux,Shampooing
pure-pousse-gamme-et-shampoing-3-mois-dutilisation,Soins Cheveux,Shampooing
crazy-locks-magic-locks-shampoo,Soins Cheveux,Shampooing
crazy-locks-huile-locks-menthe-poivree-250ml,Soins Cheveux,Shampooing
shampoing-purifiant-papaye-250ml-miss-antilles-international,Soins Cheveux,Shampooing
cooling-mint-invigorating-leave-in-conditioner,Soins Cheveux,Shampooing
as-i-am-rr-apres-shampoing-355ml,Soins Cheveux,Shampooing
design-essentials-natural-agave-lavender-blow-dry-silk-press-collection-moisturizing-detangling-conditionner,Soins Cheveux,Shampooing
as-i-am-rosemary-conditioner-apres-shampoing,Soins Cheveux,Shampooing
shampooing-doux-nappy-queen,Soins Cheveux,Shampooing
soarn-apres-shampoing-sensitive,Soins Cheveux,Shampooing
shampooing-fortifiant-soarn-au-karite-jojoba-ricin,Soins Cheveux,Shampooing
shea-moisture-coconut-hibiscus-curl-shine-shampoo,Soins Cheveux,Shampooing
serge-destel-shampoing-cheveux-boucles,Soins Cheveux,Shampooing
as-i-am-bond-conditioner,Soins Cheveux,Shampooing
shea-moisture-jbco-conditioner-strengthen-restore-grow,Soins Cheveux,Shampooing
shampoing-doux-a-la-rose,Soins Cheveux,Shampooing
crazy-locks-shampoing-a-sec-250ml,Soins Cheveux,Shampooing
natural-hair-concept-ultra-hydrating-shampoo,Soins Cheveux,Shampooing
creme-of-nature-argan-oil-creamy-oil-moisturising-hair-lotion,Soins Cheveux,Shampooing
afro-naturel-crazy-pouss-shampooing-hydratant-mangue,Soins Cheveux,Shampooing
easy-pouss-apres-shampoing-cire-dabeille,Soins Cheveux,Shampooing
kc-thermal-wonder-cream-cleansing-shampoo-240ml,Soins Cheveux,Shampooing
beaute-insolente-shampoing-purifiant,Soins Cheveux,Shampooing
crazy-pouss-spray-perruque-lace-giga-bond,Soins Cheveux,Shampooing
crazy-pouss-leave-in-activateur-de-boucles,Soins Cheveux,Shampooing
sheamoisture-papaya-and-neroli-control-conditioner-13oz,Soins Cheveux,Shampooing
design-essentials-peppermint-aloe-soothing-scalp-tonic,Soins Cheveux,Shampooing
crazy-pouss-shampoing-gommant-cheveux-boucles,Soins Cheveux,Shampooing
keracare-1st-lather-shampoo,Soins Cheveux,Shampooing
jia-apres-shampoing-demele-nourrit,Soins Cheveux,Shampooing
leave-in-conditionneur-sans-rincage-design-essentials-natural,Soins Cheveux,Shampooing
activilong-junior-shampoing,Soins Cheveux,Shampooing
les-secrets-de-loly-perfect-match-super-fruit-shampoing,Soins Cheveux,Shampooing
salon-pro-exclusive-30-sec-glue-residue-remover-shampoo,Soins Cheveux,Shampooing
activilong-acticurl-apres-shampoing-sublimateur,Soins Cheveux,Shampooing
beaute-insolente-shampoing-boucles,Soins Cheveux,Shampooing
kae-detox-conditioner-236-ml,Soins Cheveux,Shampooing
afro-naturel-apres-shampooing-moelle-de-boeuf,Soins Cheveux,Shampooing
acticurl-shampooing-activateur-de-boucles-300ml,Soins Cheveux,Shampooing
shampoing-regenerant-au-karite,Soins Cheveux,Shampooing
jbco-strengthen-restore-leave-in-conditioner,Soins Cheveux,Shampooing
lait-de-coiffage-fortifiant-soarn-au-karite-jojoba-ricin,Soins Cheveux,Shampooing
ti-shampooing-conditionneur-actikids-300ml,Soins Cheveux,Shampooing
creme-of-nature-coconut-milk-detangling-conditionning-conditioner,Soins Cheveux,Shampooing
crazy-pouss-soin-profond-assouplissant-apres-shampooing,Soins Cheveux,Shampooing
salon-pro-exclusives-glue-residue-remover-shampoo,Soins Cheveux,Shampooing
johnson-johnson-baby-shampoo,Soins Cheveux,Shampooing
curls-blissful-hair-vitamin-8oz,Soins Cheveux,Complement Alimentaire
hair-booster-plus-complement-cheveux,Soins Cheveux,Complement Alimentaire
gummies-pousse-cheveux-cure-1-mois,Soins Cheveux,Complement Alimentaire
accelerateur-de-pousse,Soins Cheveux,Complement Alimentaire
complement-alimentaire-beaute-insolente,Soins Cheveux,Complement Alimentaire
gummies-cheveux-beaute-insolente,Soins Cheveux,Complement Alimentaire
hair-vitamins-jia-paris,Soins Cheveux,Complement Alimentaire
curls-blissful-lengths-hair,Soins Cheveux,Complement Alimentaire
design-essentials-scalp-care-vitamin-drops-vitamin-e,Soins Cheveux,Complement Alimentaire
hair-booster-jia-paris,Soins Cheveux,Complement Alimentaire
pure-pousse-gummies-pousse-cure-3-mois,Soins Cheveux,Complement Alimentaire
inetco-super-black-hair-color,Soins Cheveux,Accessoires Cheveux
wig-cap-4023,Soins Cheveux,Accessoires Cheveux
wig-cap-marron,Soins Cheveux,Accessoires Cheveux
brosse-curls-jia,Soins Cheveux,Accessoires Cheveux
casque-chauffant-pour-cheveux-crepus-evashair,Soins Cheveux,Accessoires Cheveux
morfose-royal-black-temporary-hair-color-spray,Soins Cheveux,Accessoires Cheveux
annie-hair-dryer-nozzle-3000,Soins Cheveux,Accessoires Cheveux
shampoo-brush-annie,Soins Cheveux,Accessoires Cheveux
kc-magic-detangling-brush,Soins Cheveux,Accessoires Cheveux
elastique-hair-band-12pcs-hb05,Soins Cheveux,Accessoires Cheveux
annie-dye-brush-2914-large,Soins Cheveux,Accessoires Cheveux
travel-kit-frises-a-crepus-jia,Soins Cheveux,Accessoires Cheveux
annie-60-bob-pins-3308,Soins Cheveux,Accessoires Cheveux
eponge-twist-petite,Soins Cheveux,Accessoires Cheveux
peigne-a-queue,Soins Cheveux,Accessoires Cheveux
wig-cap-0892-brown,Soins Cheveux,Accessoires Cheveux
elastique-noir-12pcs,Soins Cheveux,Accessoires Cheveux
lace-tint-spray-golden-brown,Make Up,
wywy-lace-tint-spary-brown,Make Up,
ultra-black-3d-faux-cils,Make Up,
ardell-lashtite-adhesif-fonce-22ml,Make Up,
lace-tint-spray-reddish-brown,Make Up,
lace-tint-spray-golden-brown,Make Up,Teint
wywy-lace-tint-spary-brown,Make Up,Teint
lace-tint-spray-reddish-brown,Make Up,Teint
ultra-black-3d-faux-cils,Make Up,Yeux
ardell-lashtite-adhesif-fonce-22ml,Make Up,Yeux
lait-teinte-waaaaw,Visages Et Corps,
concentre-hygrocalm,Visages Et Corps,
fw-creme-purity,Visages Et Corps,
beurre-de-karite-olive-chanvre-soarn,Visages Et Corps,
lait-fw,Visages Et Corps,
yari-huile-de-karite-naturelle,Visages Et Corps,
fw-savon-gommant-exfoliant,Visages Et Corps,
vaseline-essential-healing-48h-moisture-400ml,Visages Et Corps,
so-carrot-serum-eclat-anti-taches,Visages Et Corps,
vasseline-intensive-care-aloe-soothe-body-lotion,Visages Et Corps,
yari-huile-de-baobab-naturelle,Visages Et Corps,
fw-gold-savon-satin-exfoliant,Visages Et Corps,
fw-gel-douche-piment,Visages Et Corps,
huile-de-baobab-bio-100ml-waam,Visages Et Corps,
white-express-tube-creme-50g,Visages Et Corps,
fw-exclusive-lotion-vitamine-c,Visages Et Corps,
waam-huile-dhibiscus,Visages Et Corps,
fw-gold-lotion-argan,Visages Et Corps,
yari-huile-de-coco-pure,Visages Et Corps,
fw-exclusive-serum-vitamine-c,Visages Et Corps,
fw-gold-gel-douche-1000ml,Visages Et Corps,
fw-gel-douche-exclusive,Visages Et Corps,
skin-light-toilet-soap,Visages Et Corps,
vaseline-intensive-care-cocoa-radiant-body-lotion,Visages Et Corps,
fw-gold-lait-n3,Visages Et Corps,
fw-gold-gommage-visage,Visages Et Corps,
activilong-coco-damour-huile-caline,Visages Et Corps,
jergens-original-scent-cherry-almond-lotion,Visages Et Corps,
jergens-ultra-healing,Visages Et Corps,
yari-huile-dail-naturelle,Visages Et Corps,
fw-exclusive-gel-creme-vitamine-c,Visages Et Corps,
so-carrot-gel-douche-gommant-940ml,Visages Et Corps,
bright-glam-creme-eclaircissante-so-carrot,Visages Et Corps,
lait-hydra-sweet-so-white,Visages Et Corps,
fw-exclusive-lait-corps-eclaircissant,Visages Et Corps,
mwell-lightening-scrub-500-ml,Visages Et Corps,
fw-gold-creme-anti-age,Visages Et Corps,
fw-gold-savon-argan,Visages Et Corps,
caro-light-intensive-care,Visages Et Corps,
palmers-coconut-oil-formula-lotion-400ml-pump,Visages Et Corps,
fw-gold-gel-creme,Visages Et Corps,
creme-eclaircissante-visage,Visages Et Corps,
vaseline-advanced-repair-advanced-repair-lightly-scented,Visages Et Corps,
fw-gold-creme-radiance,Visages Et Corps,
magno-gold-gel-de-douche-600-ml,Visages Et Corps,
white-express-soap,Visages Et Corps,
shea-moisture-african-black-soap-clarifying-facial-wash-scrub,Visages Et Corps,
fw-exclusive-gel-creme,Visages Et Corps,
actif-savon-clarifiant,Visages Et Corps,
fw-black-soap,Visages Et Corps,
fw-exclusive-glycerine-vitamine-c,Visages Et Corps,
skin-light-creme-traitante-70g,Visages Et Corps,
mwell-cleansing-scrub-strawberry-500-ml,Visages Et Corps,
fw-gold-lait-aha,Visages Et Corps,
vitamix-100-pure-natural-african-black-soap-5-5oz-150g,Visages Et Corps,
caro-light-lait-500ml,Visages Et Corps,
fw-gel-douche-carotte-2,Visages Et Corps,
fw-exclusive-savon-vitamine-c,Visages Et Corps,
fw-gold-huile-revelatrice,Visages Et Corps,
vit-fee-tube-creme-30g,Visages Et Corps,
yari-100-natural-castor-virgin-coconut-oil-250ml,Visages Et Corps,
fw-savon-aloe-vera,Visages Et Corps,
yari-huile-de-carapate-extra-foncee,Visages Et Corps,
fw-gel-douche-exfoliant-skin-defense-labo-derma-pure,Visages Et Corps,
white-express-skin-perfector-serum,Visages Et Corps,
dudu-osun-soap-150gr,Visages Et Corps,
sivoderm-creme-de-soin,Visages Et Corps,
soarn-mousse-de-karite-100ml,Visages Et Corps,
dettol-original-twin,Visages Et Corps,
white-express-serum-lightening-skin-in-10-days,Visages Et Corps,
miss-white-carrot-gel-douche-exfoliant-940ml,Visages Et Corps,
fw-savon-gommant-aha-2,Visages Et Corps,
premium-maxi-tone-care-lait-maxi-tone-so-carrot,Visages Et Corps,
fw-gold-huile-anti-vergeture,Visages Et Corps,
secret-dafrique-lotion-corporelle-beurre-de-cacao-1000ml,Visages Et Corps,
secret-dafrique-natural-honey-miel-500ml,Visages Et Corps,
white-express-formule-avance,Visages Et Corps,
fw-citron-gel-douche-1000ml,Visages Et Corps,
fw-gold-creme-de-mains,Visages Et Corps,
creme-skin-perfector-so-white-50ml,Visages Et Corps,
kuza-100-african-black-soap-fragrance-free,Visages Et Corps,
waam-huile-bronze-100ml,Visages Et Corps,
fw-lait-aha,Visages Et Corps,
easy-pouss-huile-de-baobab,Visages Et Corps,
creme-skin-perfector-so-white,Visages Et Corps,
natural-glow-carotone-savon-clarifiant,Visages Et Corps,
fw-gold-ultimate-gel-gel-douche,Visages Et Corps,
palmers-cocoa-butter-softens-intensive-body-lotion,Visages Et Corps,
dudu-osun-liquid-soap-250ml,Visages Et Corps,
creme-hydra-sweet-so-white,Visages Et Corps,
yari-huile-essentielle-de-citron-naturelle,Visages Et Corps,
fw-savon-gommant-carotte,Visages Et Corps,
easy-pouss-huile-de-nigelle,Visages Et Corps,
bio-pouss-huile-dargan-100-naturel-100ml,Visages Et Corps,
fw-gold-lait-revelateur,Visages Et Corps,
fw-gold-serum,Visages Et Corps,
vaseline-intensive-care-cocoa-radiant-600ml,Visages Et Corps,
beurre-de-karite-coco-soarn,Visages Et Corps,
vaseline-healthy-hands-stronger-nails,Visages Et Corps,
masque-proteine-intense-shea-moisture-manuka-honey-yogurt,Visages Et Corps,
vaseline-intensive-care-cocoa-radiant-body-gel-oil,Visages Et Corps,
mon-huile-eclat-sublime-beaute-insolente,Visages Et Corps,
fw-lait-aloe-vera,Visages Et Corps,
beurre-de-karite-cacao-soarn,Visages Et Corps,
cocoa-butter-500ml,Visages Et Corps,
fw-savon-gommant-olive,Visages Et Corps,
fw-concentre-anti-tache,Visages Et Corps,
caro-light-beauty-soap,Visages Et Corps,
bio-pouss-huile-daloe-vera-100-naturel-100ml,Visages Et Corps,
secret-dafrique-natural-honey-miel-1l,Visages Et Corps,
vaseline-intensive-care-body-lotion-advanced-repair,Visages Et Corps,
fw-gold-lait-precieux-hydratant,Visages Et Corps,
so-white-gel-douche-fraicheur,Visages Et Corps,
fw-gold-anti-tache,Visages Et Corps,
magno-classic-gel-douche-600-ml,Visages Et Corps,
skala-brasil-cacau,Visages Et Corps,
new-organic-pommade-a-la-moelle-de-boeuf,Visages Et Corps,
waam-huile-de-lin-100ml,Visages Et Corps,
fw-gold-lait-maxitone,Visages Et Corps,
100-huile-dakpi-yari,Visages Et Corps,
soarn-huile-jojoba-ricin-100ml,Visages Et Corps,
yari-100-pure-raw-shea-butter,Visages Et Corps,
fw-gel-douche-exfoliant-extra-2,Visages Et Corps,
huile-eclaircissante-so-white,Visages Et Corps,
vaseline-healthy-even-tone,Visages Et Corps,
carotone-black-spot-corrector,Visages Et Corps,
yari-huile-de-menthe-poivree-naturelle,Visages Et Corps,
soarn-huile-oleine-de-karite-arbre-a-the-100,Visages Et Corps,
fw-gel-douche-citron,Visages Et Corps,
queen-helene-cocoa-butter-cream-15oz,Visages Et Corps,
fw-exclusive-serum,Visages Et Corps,
yari-100-natural-rose-water-250ml,Visages Et Corps,
white-express-fairer-skin-in-15-days,Visages Et Corps,
fw-gold-gommage-250ml,Visages Et Corps,
lait-teinte-waaaaw,Visages Et Corps,Corps
concentre-hygrocalm,Visages Et Corps,Corps
fw-creme-purity,Visages Et Corps,Corps
beurre-de-karite-olive-chanvre-soarn,Visages Et Corps,Corps
lait-fw,Visages Et Corps,Corps
yari-huile-de-karite-naturelle,Visages Et Corps,Corps
fw-savon-gommant-exfoliant,Visages Et Corps,Corps
vaseline-essential-healing-48h-moisture-400ml,Visages Et Corps,Corps
so-carrot-serum-eclat-anti-taches,Visages Et Corps,Corps
vasseline-intensive-care-aloe-soothe-body-lotion,Visages Et Corps,Corps
yari-huile-de-baobab-naturelle,Visages Et Corps,Corps
fw-gold-savon-satin-exfoliant,Visages Et Corps,Corps
huile-de-baobab-bio-100ml-waam,Visages Et Corps,Corps
white-express-tube-creme-50g,Visages Et Corps,Corps
fw-exclusive-lotion-vitamine-c,Visages Et Corps,Corps
waam-huile-dhibiscus,Visages Et Corps,Corps
fw-gold-lotion-argan,Visages Et Corps,Corps
yari-huile-de-coco-pure,Visages Et Corps,Corps
fw-exclusive-serum-vitamine-c,Visages Et Corps,Corps
fw-gold-gel-douche-1000ml,Visages Et Corps,Corps
fw-gel-douche-exclusive,Visages Et Corps,Corps
vaseline-intensive-care-cocoa-radiant-body-lotion,Visages Et Corps,Corps
fw-gold-lait-n3,Visages Et Corps,Corps
activilong-coco-damour-huile-caline,Visages Et Corps,Corps
jergens-original-scent-cherry-almond-lotion,Visages Et Corps,Corps
jergens-ultra-healing,Visages Et Corps,Corps
yari-huile-dail-naturelle,Visages Et Corps,Corps
so-carrot-gel-douche-gommant-940ml,Visages Et Corps,Corps
bright-glam-creme-eclaircissante-so-carrot,Visages Et Corps,Corps
lait-hydra-sweet-so-white,Visages Et Corps,Corps
fw-exclusive-lait-corps-eclaircissant,Visages Et Corps,Corps
mwell-lightening-scrub-500-ml,Visages Et Corps,Corps
fw-gold-creme-anti-age,Visages Et Corps,Corps
fw-gold-savon-argan,Visages Et Corps,Corps
caro-light-intensive-care,Visages Et Corps,Corps
palmers-coconut-oil-formula-lotion-400ml-pump,Visages Et Corps,Corps
fw-gold-gel-creme,Visages Et Corps,Corps
creme-eclaircissante-visage,Visages Et Corps,Corps
vaseline-advanced-repair-advanced-repair-lightly-scented,Visages Et Corps,Corps
fw-gold-creme-radiance,Visages Et Corps,Corps
magno-gold-gel-de-douche-600-ml,Visages Et Corps,Corps
white-express-soap,Visages Et Corps,Corps
shea-moisture-african-black-soap-clarifying-facial-wash-scrub,Visages Et Corps,Corps
fw-exclusive-gel-creme,Visages Et Corps,Corps
actif-savon-clarifiant,Visages Et Corps,Corps
fw-exclusive-glycerine-vitamine-c,Visages Et Corps,Corps
skin-light-creme-traitante-70g,Visages Et Corps,Corps
mwell-cleansing-scrub-strawberry-500-ml,Visages Et Corps,Corps
fw-gold-lait-aha,Visages Et Corps,Corps
vitamix-100-pure-natural-african-black-soap-5-5oz-150g,Visages Et Corps,Corps
caro-light-lait-500ml,Visages Et Corps,Corps
fw-gel-douche-carotte-2,Visages Et Corps,Corps
fw-exclusive-savon-vitamine-c,Visages Et Corps,Corps
fw-gold-huile-revelatrice,Visages Et Corps,Corps
vit-fee-tube-creme-30g,Visages Et Corps,Corps
yari-100-natural-castor-virgin-coconut-oil-250ml,Visages Et Corps,Corps
fw-savon-aloe-vera,Visages Et Corps,Corps
yari-huile-de-carapate-extra-foncee,Visages Et Corps,Corps
fw-gel-douche-exfoliant-skin-defense-labo-derma-pure,Visages Et Corps,Corps
dudu-osun-soap-150gr,Visages Et Corps,Corps
sivoderm-creme-de-soin,Visages Et Corps,Corps
soarn-mousse-de-karite-100ml,Visages Et Corps,Corps
miss-white-carrot-gel-douche-exfoliant-940ml,Visages Et Corps,Corps
premium-maxi-tone-care-lait-maxi-tone-so-carrot,Visages Et Corps,Corps
fw-gold-huile-anti-vergeture,Visages Et Corps,Corps
secret-dafrique-lotion-corporelle-beurre-de-cacao-1000ml,Visages Et Corps,Corps
secret-dafrique-natural-honey-miel-500ml,Visages Et Corps,Corps
white-express-formule-avance,Visages Et Corps,Corps
fw-citron-gel-douche-1000ml,Visages Et Corps,Corps
fw-gold-creme-de-mains,Visages Et Corps,Corps
creme-skin-perfector-so-white-50ml,Visages Et Corps,Corps
kuza-100-african-black-soap-fragrance-free,Visages Et Corps,Corps
waam-huile-bronze-100ml,Visages Et Corps,Corps
fw-lait-aha,Visages Et Corps,Corps
easy-pouss-huile-de-baobab,Visages Et Corps,Corps
creme-skin-perfector-so-white,Visages Et Corps,Corps
natural-glow-carotone-savon-clarifiant,Visages Et Corps,Corps
fw-gold-ultimate-gel-gel-douche,Visages Et Corps,Corps
palmers-cocoa-butter-softens-intensive-body-lotion,Visages Et Corps,Corps
creme-hydra-sweet-so-white,Visages Et Corps,Corps
yari-huile-essentielle-de-citron-naturelle,Visages Et Corps,Corps
easy-pouss-huile-de-nigelle,Visages Et Corps,Corps
bio-pouss-huile-dargan-100-naturel-100ml,Visages Et Corps,Corps
fw-gold-lait-revelateur,Visages Et Corps,Corps
vaseline-intensive-care-cocoa-radiant-600ml,Visages Et Corps,Corps
beurre-de-karite-coco-soarn,Visages Et Corps,Corps
vaseline-healthy-hands-stronger-nails,Visages Et Corps,Corps
masque-proteine-intense-shea-moisture-manuka-honey-yogurt,Visages Et Corps,Corps
vaseline-intensive-care-cocoa-radiant-body-gel-oil,Visages Et Corps,Corps
mon-huile-eclat-sublime-beaute-insolente,Visages Et Corps,Corps
fw-lait-aloe-vera,Visages Et Corps,Corps
beurre-de-karite-cacao-soarn,Visages Et Corps,Corps
cocoa-butter-500ml,Visages Et Corps,Corps
fw-savon-gommant-olive,Visages Et Corps,Corps
fw-concentre-anti-tache,Visages Et Corps,Corps
caro-light-beauty-soap,Visages Et Corps,Corps
bio-pouss-huile-daloe-vera-100-naturel-100ml,Visages Et Corps,Corps
secret-dafrique-natural-honey-miel-1l,Visages Et Corps,Corps
vaseline-intensive-care-body-lotion-advanced-repair,Visages Et Corps,Corps
fw-gold-lait-precieux-hydratant,Visages Et Corps,Corps
so-white-gel-douche-fraicheur,Visages Et Corps,Corps
fw-gold-anti-tache,Visages Et Corps,Corps
magno-classic-gel-douche-600-ml,Visages Et Corps,Corps
skala-brasil-cacau,Visages Et Corps,Corps
new-organic-pommade-a-la-moelle-de-boeuf,Visages Et Corps,Corps
fw-gold-lait-maxitone,Visages Et Corps,Corps
100-huile-dakpi-yari,Visages Et Corps,Corps
soarn-huile-jojoba-ricin-100ml,Visages Et Corps,Corps
yari-100-pure-raw-shea-butter,Visages Et Corps,Corps
fw-gel-douche-exfoliant-extra-2,Visages Et Corps,Corps
huile-eclaircissante-so-white,Visages Et Corps,Corps
vaseline-healthy-even-tone,Visages Et Corps,Corps
carotone-black-spot-corrector,Visages Et Corps,Corps
yari-huile-de-menthe-poivree-naturelle,Visages Et Corps,Corps
soarn-huile-oleine-de-karite-arbre-a-the-100,Visages Et Corps,Corps
fw-gel-douche-citron,Visages Et Corps,Corps
queen-helene-cocoa-butter-cream-15oz,Visages Et Corps,Corps
fw-exclusive-serum,Visages Et Corps,Corps
yari-100-natural-rose-water-250ml,Visages Et Corps,Corps
white-express-fairer-skin-in-15-days,Visages Et Corps,Corps
fw-gold-gommage-250ml,Visages Et Corps,Corps
vaseline-essential-healing-48h-moisture-400ml,Visages Et Corps,Visages
vasseline-intensive-care-aloe-soothe-body-lotion,Visages Et Corps,Visages
waam-huile-dhibiscus,Visages Et Corps,Visages
vaseline-intensive-care-cocoa-radiant-body-lotion,Visages Et Corps,Visages
fw-gold-gommage-visage,Visages Et Corps,Visages
jergens-original-scent-cherry-almond-lotion,Visages Et Corps,Visages
jergens-ultra-healing,Visages Et Corps,Visages
fw-exclusive-gel-creme-vitamine-c,Visages Et Corps,Visages
fw-gold-creme-anti-age,Visages Et Corps,Visages
caro-light-intensive-care,Visages Et Corps,Visages
vaseline-advanced-repair-advanced-repair-lightly-scented,Visages Et Corps,Visages
magno-gold-gel-de-douche-600-ml,Visages Et Corps,Visages
actif-savon-clarifiant,Visages Et Corps,Visages
fw-gel-douche-carotte-2,Visages Et Corps,Visages
fw-gel-douche-exfoliant-skin-defense-labo-derma-pure,Visages Et Corps,Visages
white-express-skin-perfector-serum,Visages Et Corps,Visages
white-express-serum-lightening-skin-in-10-days,Visages Et Corps,Visages
waam-huile-bronze-100ml,Visages Et Corps,Visages
fw-gold-ultimate-gel-gel-douche,Visages Et Corps,Visages
easy-pouss-huile-de-nigelle,Visages Et Corps,Visages
bio-pouss-huile-dargan-100-naturel-100ml,Visages Et Corps,Visages
fw-gold-lait-revelateur,Visages Et Corps,Visages
vaseline-intensive-care-cocoa-radiant-600ml,Visages Et Corps,Visages
vaseline-healthy-hands-stronger-nails,Visages Et Corps,Visages
masque-proteine-intense-shea-moisture-manuka-honey-yogurt,Visages Et Corps,Visages
mon-huile-eclat-sublime-beaute-insolente,Visages Et Corps,Visages
caro-light-beauty-soap,Visages Et Corps,Visages
bio-pouss-huile-daloe-vera-100-naturel-100ml,Visages Et Corps,Visages
magno-classic-gel-douche-600-ml,Visages Et Corps,Visages
waam-huile-de-lin-100ml,Visages Et Corps,Visages
fw-gel-douche-exfoliant-extra-2,Visages Et Corps,Visages
carotone-black-spot-corrector,Visages Et Corps,Visages
fw-gel-douche-citron,Visages Et Corps,Visages
queen-helene-cocoa-butter-cream-15oz,Visages Et Corps,Visages
naomi-postiche-ds-soul,Coiffures,Postiches
sensationnel-postiche-afro-puff-small-instant-pony,Coiffures,Postiches
sensationnel-postiche-afro-puff-large-instant-pony,Coiffures,Postiches
naomi-postiche-ds-espresso,Coiffures,Postiches
naomi-postiche-ds-jazz-curl,Coiffures,Postiches
naomi-postiche-ds-havana,Coiffures,Postiches
fashion-idole-101-kinky-weave,Coiffures,Postiches
donna-clara-postiche-bang-bang-combi-m,Coiffures,Postiches
probel-postiche-synthetique-curly-combi,Coiffures,Postiches
probel-postiche-synthetique-lilac-combie,Coiffures,Postiches
naomi-postiche-ds-nina,Coiffures,Postiches
naomi-french-curl-14,Coiffures,Postiches
probel-postiche-naturel-sugar-combi-30%e2%80%b3,Coiffures,Postiches
sensationnel-postiche-afro-puff-medium-instant-pony,Coiffures,Postiches
probel-postiche-semi-naturel-shine-combi-36%e2%80%b3,Coiffures,Postiches
naomi-postiche-ds-sping,Coiffures,Postiches
probel-postiche-semi-naturel-athena-25,Coiffures,Postiches
probel-postiche-curly-combi,Coiffures,Postiches
probel-postiche-semi-naturel-bora-bora-25,Coiffures,Postiches
naomi-postiche-ds-grand,Coiffures,Postiches
probel-postiche-semi-naturel-romance-16,Coiffures,Postiches
naomi-postiche-ds-afro-curl,Coiffures,Postiches
probel-romance-16,Coiffures,Postiches
probel-postiche-semi-naturel-venus-combi-36,Coiffures,Postiches
probel-postiche-afro-puff-pull,Coiffures,Postiches
probel-postiche-annie-combi,Coiffures,Postiches
probel-postiche-semi-naturel-bella-25,Coiffures,Postiches
naomi-postiche-ds-naomi,Coiffures,Postiches
coconut-water-style-setter-camille-rose,Coiffures,
kisly,Coiffures,
orange-aqua-hair-gel-wax-150-ml,Coiffures,
xpression-ruwa-pre-tire,Coiffures,
perruque-bresilienne-josephine-lace-wig-spotlight,Coiffures,
new-organic-extra-pouss,Coiffures,
x-pression-remi-feather-crochet-water-18,Coiffures,
naomi-postiche-ds-soul,Coiffures,
serum-definisseur-jia-paris,Coiffures,
bare-lace-unit-5-13x6-30-highlights,Coiffures,
shampoing-purifiant-aloe-locks,Coiffures,
wonder-lace-bond-wig-adhesive-spray-supreme-180-ml,Coiffures,
leave-in-curly-pouss,Coiffures,
crazy-pouss-kids-apres-shampooing-hydratant-a-lhuile-de-nigelle,Coiffures,
jackson-meche-naturelle-indienne,Coiffures,
aunt-jackies-butter-creme,Coiffures,
annie-stainless-ciseaux,Coiffures,
brazilian-hair-remy-straight-100-human-hair,Coiffures,
sensationnel-postiche-afro-puff-small-instant-pony,Coiffures,
crochet-pour-locks-double,Coiffures,
creme-of-nature-pure-honey-twisting-cream,Coiffures,
aloe-locks-gelee-hibiscus,Coiffures,
probel-semi-bresilien-deep-wave-12,Coiffures,
activilong-lait-coiffant-nourrissant,Coiffures,
mousse-coiffante-wrap-mousse-olive-oil-2,Coiffures,
curly-q-custard-cream,Coiffures,
annie-snap-on-rollers-1003,Coiffures,
gelee-goyave-aloe-locks,Coiffures,
starshine-hair-scalp-growth-oil,Coiffures,
capillcare-huile-stimulante-super-growth,Coiffures,
curly-clean-shampooing-300ml-curly-pouss,Coiffures,
les-secrets-de-loly-creme-extra-nourrissante-magic-twist,Coiffures,
wig-upart-straight-10-12-16-20-22-26,Coiffures,
mielle-rosemary-mint-strengthening-scalp-edge-cleansing-oil,Coiffures,
actikids-spray-demelant-sans-rincage,Coiffures,
new-york-wonder-lace-bond-adhesive-spray-extra-mega-hold,Coiffures,
annie-club-brush-2061,Coiffures,
cline-body-weave-22-2pcs,Coiffures,
crazy-pouss-creme-oh-lalah-repulpeur-de-boucles,Coiffures,
curl-keeper-cream-conditioner-240ml,Coiffures,
natural-hair-concept-cowash,Coiffures,
daily-styling-creme-mielle-rosemary-mint,Coiffures,
xpression-lil-looks-passion-bohemian-feed-twist-3x10-pouces,Coiffures,
elastiques-annie-50-ponytailers-3352,Coiffures,
curls-itsy-bitsy-moisturizer-8oz,Coiffures,
sensationnel-postiche-afro-puff-large-instant-pony,Coiffures,
naomi-panache-deep-crochet,Coiffures,
ors-herbal-cleanse-shampoing-sec-8oz,Coiffures,
shampooing-hydratant-arcahaie-evashair,Coiffures,
xpression-lil-looks-wavy-bomb-twist-8-pouces,Coiffures,
red-by-kiss-professional-fan-pik-cpk03,Coiffures,
eco-styler-krystal-32oz,Coiffures,
activilong-shampooing-lissant-ricin-acticlassic,Coiffures,
cline-deep-braid-22-2pcs,Coiffures,
masque-intense-rich-250ml-curl-hibiscus,Coiffures,
probel-alicia,Coiffures,
body-wave-meche-naturelle-indienne,Coiffures,
tissage-hot-yaki-extensions-fashion-idol-101-sleek-hair,Coiffures,
bare-lace-unit-1-13x6-28,Coiffures,
ciseaux-coiffure,Coiffures,
probel-marly-twist-20,Coiffures,
africas-best-instant-detangling-conditioner-12-oz,Coiffures,
naomi-postiche-ds-espresso,Coiffures,
dream-hair-3x-french-curl-braid,Coiffures,
ebin-wonder-lace-bond-melting-spray-supreme-250ml,Coiffures,
urban-spring,Coiffures,
les-secrets-de-loly-cloud-fusion-mousse-capillaire-fixante-200ml,Coiffures,
ciao-bellissima-choco-wash-intensive-mask,Coiffures,
serum-cheveux-secs-cassants-fantasia-carrot-178ml,Coiffures,
aloe-locks-hibiscus-shamoing-refresf-refresh-shampoo-sans-sulfate-sans-silicone,Coiffures,
probel-vivianne-lace-wig,Coiffures,
smoothie-nourrissant,Coiffures,
skala-expert-oleo-de-organ,Coiffures,
fashion-idole-101-rami-weave-2pcs,Coiffures,
naomi-macaron-curl-14,Coiffures,
as-i-am-bond-moisturizing-mask,Coiffures,
probel-tissage-semi-bresilien-water-26,Coiffures,
soft-n-silky-afro-twist-braid,Coiffures,
aunt-jackies-flaxseed-curl-mane-tenance-defining-curl-whip-426gr,Coiffures,
keratin-matte-hair-wax,Coiffures,
soarn-chantilly-de-karite-cocktail-des-bois-corps-cheveux,Coiffures,
annie-soft-twist-rollers-1198,Coiffures,
naomi-postiche-ds-jazz-curl,Coiffures,
clere-glycerine-100ml,Coiffures,
lace-frontal-134-wig-28,Coiffures,
boost-curl-gelee-hydratante-les-secrets-de-loly,Coiffures,
crochet-pour-locks-triple,Coiffures,
creme-of-nature-shampoing-sans-sulfate-hydratant-argan-oil,Coiffures,
celine-alice-134-lace-wig-20,Coiffures,
generik-creme-colorante-doxydation-100-ml,Coiffures,
aunt-jackies-frizz-rebel-coconut-and-sweet-almond-oil-118ml,Coiffures,
activilong-actirepair-lait-coiffant-reparateur-olive-avocat-nourrit-discipline-cheveux-secs-et-abimes,Coiffures,
creme-of-nature-wtih-argan-oil-from-morocco-for-natural-hair-twirling-custard-curl-styling-gel,Coiffures,
xtreme-pouss-huile-de-serpent-100-naturelle,Coiffures,
gelee-papaye-aloe-locks,Coiffures,
spray-revitalisant-fortifiant-251ml,Coiffures,
as-i-am-jamaican-black-castor-oil-moisturizing-mask,Coiffures,
naomi-postiche-ds-havana,Coiffures,
les-secrets-de-loly-serum-de-croissance,Coiffures,
serum-capillaire-fortifiant-lissant-retention-oil-133ml,Coiffures,
easy-skin-gel-aloe-vera-pur-anti-taches,Coiffures,
fashion-idole-101-kinky-weave,Coiffures,
defrisant-colorant-colorlaxer-lusters-3-teintes,Coiffures,
annie-32-pins-hair-3327,Coiffures,
gel-curl-wet-curly-pouss,Coiffures,
annie-brush-wooden-double-face-2092,Coiffures,
donna-clara-postiche-bang-bang-combi-m,Coiffures,
creme-of-nature-argan-oil-anti-humidity-gloss-shine-mist,Coiffures,
mielle-detangling-co-wash-for-dry-curly-hair-types,Coiffures,
brazilian-remy-kinky-curl,Coiffures,
crazy-pouss-crazy-creme-camomille-bleue,Coiffures,
crazy-pouss-stick-wax-cire-coiffante,Coiffures,
probel-perruque-bresilienne-scarlett,Coiffures,
annie-hair-dryer-nozzle-combo-pack-2988,Coiffures,
strengthening-edge-gel-mielle-rosemary-mint,Coiffures,
camille-rose-coconut-water-leave-in-treatment-8-0-fl-oz,Coiffures,
mielle-white-peony-leave-in-conditioner,Coiffures,
naomi-afro-triple-x3-24,Coiffures,
probel-postiche-synthetique-curly-combi,Coiffures,
quiksilver-aqua-hair-wax-150-ml,Coiffures,
creme-de-nuit-capillaire-lay-me-down-170g,Coiffures,
curls-lavish-moisturizer,Coiffures,
super-poudre-decolorante,Coiffures,
xpression-ultra-braid-6x52-pre-etire,Coiffures,
x-pression-remi-feather-crochet-deep-18,Coiffures,
aunt-jackies-grapseed-ice-curly-glossy-curling-jelly,Coiffures,
frisette-classic-butterfly-twist,Coiffures,
african-pride-olive-relaxer-kit-super,Coiffures,
vaporisateur-spray-balloon-300ml-efalock,Coiffures,
afro-naturel-crazy-pouss-crazy-curl-gelee-de-definition-de-boucles-pour-cheveux-frises-et-crepus,Coiffures,
bright-aqua-hair-wax-150-ml,Coiffures,
creme-of-nature-moisture-recovery-leave-in-curl-milk,Coiffures,
dark-lovely-relaxer-kit-regular,Coiffures,
xpression-lil-looks-box-braid-10-pouces,Coiffures,
fashion-idole-101-nappy-weave,Coiffures,
kymia-perfect-wax-cire-capillaire-naturelle-vegan-200g,Coiffures,
algae-renew-deep-conditioning-mask-camille-rose,Coiffures,
probel-semi-bresilien-deep-wave-18,Coiffures,
vatika-mustard-hair-oil-200-ml,Coiffures,
probel-postiche-synthetique-lilac-combie,Coiffures,
fashion-idole-101-maya-weave-2pcs,Coiffures,
got2b-glued-gel-coiffant-pour-cheveux-de-schwarzkopf,Coiffures,
aloe-whipped-butter-gel-camille-rose,Coiffures,
activilong-acticurl-mousse-bouclante-2,Coiffures,
fashion-idole-101-ivory-weave,Coiffures,
brosse-curls-jia,Coiffures,
spray-locks-locksy-pouss,Coiffures,
quick-locks-gel-locks-locksy-pouss,Coiffures,
kids-smoothing-and-styling-gel,Coiffures,
cline-ivory-cl-weave-20,Coiffures,
cool-mint-curl-cleanser-shampoo-for-afro-curly-wavy-kids,Coiffures,
salon-pro-exclusives-hair-bonding-glue-super-bond,Coiffures,
baume-capillaire-purepouss,Coiffures,
celine-emma-26-lace-wig-24-sdd-bob,Coiffures,
les-secrets-de-loly-kurl-glow-gel-in-oil-3-en-1,Coiffures,
morfose-royal-black-temporary-hair-color-spray,Coiffures,
urban-hi-roller,Coiffures,
cantu-for-kids-styling-custard-wt-8-oz,Coiffures,
chebe-strengthening-curl-perfecting-mousse,Coiffures,
probel-crochet-dream-locs-22,Coiffures,
masque-mielle-babassu-mint-deep-conditioner,Coiffures,
crazy-pouss-bain-dhuile-regenerant-au-karite,Coiffures,
probel-tissage-semi-bresilien-natural-curl-18%e2%80%b3,Coiffures,
detoxifying-tonic,Coiffures,
naomi-postiche-ds-nina,Coiffures,
aloe-locks-hibiscus-mousse-perfection-foam-sans-silicone,Coiffures,
dark-lovely-superior-moisture-plus,Coiffures,
annie-soft-twist-rollers-1202,Coiffures,
wonder-lace-bond-wig-adhesive-spray-supreme-14-2oz-420ml,Coiffures,
fashion-idole-101-claro-weave-3pcs,Coiffures,
eco-styler-proteine-32oz,Coiffures,
naomi-xciting,Coiffures,
fashion-idole-101-glossy-weave-2pcs,Coiffures,
kinky-curly-meche-naturelle-indienne,Coiffures,
annie-snap-on-rollers-1005,Coiffures,
soleil-wig-20,Coiffures,
camille-rose-almond-jai-twisting-butter,Coiffures,
as-i-am-classic-twist-defining-cream,Coiffures,
naomi-french-curl-14,Coiffures,
frisette-water-wave-7000,Coiffures,
naomi-afro-swing-20,Coiffures,
probel-postiche-naturel-sugar-combi-30%e2%80%b3,Coiffures,
jessicurl-spiralicious-8oz,Coiffures,
annie-snap-on-rollers-1004,Coiffures,
cantu-kids-care-nourishing-shampoo-237ml,Coiffures,
masque-hydratant-aloe-locks,Coiffures,
as-i-am-classic-doublebutter-cream,Coiffures,
silky-straight-meche-naturelle-indienne,Coiffures,
soarn-chantilly-de-karite-secret-garden,Coiffures,
annie-14-ponytailers-3355,Coiffures,
naomi-afro-naturel-12,Coiffures,
cactus-gro-jamaican,Coiffures,
camille-rose-soin-sans-rincage-a-leau-de-coco-240-ml,Coiffures,
sensationnel-postiche-afro-puff-medium-instant-pony,Coiffures,
clip-in-extensions-45-straight,Coiffures,
bresilienne-l-hera,Coiffures,
probel-postiche-semi-naturel-shine-combi-36%e2%80%b3,Coiffures,
parc-afro-batana-oil-hair-wax-stick-stick-wax-cire-coiffante,Coiffures,
44-lace-closure-14-st-bw,Coiffures,
scalp-hair-strengthening-oil-mielle-rosemary-mint,Coiffures,
naomi-afro-bulk-24,Coiffures,
parc-afro-pommade-capillaire,Coiffures,
lait-capillaire-jia-paris,Coiffures,
feme-lace-wig-human-hair-13x4-bob-12,Coiffures,
brumisateur-capillaire-jia-paris,Coiffures,
curls-the-ultimate-butter-gel,Coiffures,
probel-tissage-semi-bresilien-silky-14%e2%80%b3,Coiffures,
semi-bresilien-samba-curl,Coiffures,
fashion-idole-101-hot-yaki-weave,Coiffures,
probel-salsa-twist,Coiffures,
agatha,Coiffures,
huile-anti-casse-brillance-ricin-bambou-196ml,Coiffures,
naomi-postiche-ds-sping,Coiffures,
premium-too-euro-straight,Coiffures,
probel-carmen-wave-18,Coiffures,
premium-too-deep-wave-bulk,Coiffures,
strenghthening-shampoo-mielle-rosemary-mint,Coiffures,
bare-lace-unit-8-13x6-26,Coiffures,
curly-q-milkshake,Coiffures,
spray-capillaire-purepouss,Coiffures,
xpression-springy-3x-afro-twist-24-pouces,Coiffures,
green-matte-hair-wax-150-ml,Coiffures,
bresilienne-fanny,Coiffures,
afro-styling-pik-cpk01,Coiffures,
soarn-chantilly-de-karate-nairobi-road-corps-cheveux,Coiffures,
amalico-batana-oil-pro-natural-hair-serum-100-ml-3-4-fl-oz,Coiffures,
annie-buddon-scarf-4483,Coiffures,
olive-aqua-hair-wax,Coiffures,
eco-styler-curl-and-wave-32oz,Coiffures,
mielle-moisture-hawailan-ginger-moisturizing-scalp-treatment,Coiffures,
carte-de-24-pinces-guiches-ondulees-70mm,Coiffures,
red-by-kiss-professional-fan-pik-cpk04,Coiffures,
annie-6-spring-clips,Coiffures,
xpression-springy-3x-afro-twist-16-pouces,Coiffures,
easy-pouss-lait-capillaire-papaye-250-ml,Coiffures,
probel-postiche-semi-naturel-athena-25,Coiffures,
probel-postiche-curly-combi,Coiffures,
brosse-demelante-jia,Coiffures,
celine-big-afro-wighh,Coiffures,
as-i-am-bond-oil,Coiffures,
activilong-paris-actidetox-shampooing-purifiant-nettoie-assainit,Coiffures,
feme-lace-wig-human-hair-straight-22,Coiffures,
brazilian-remy-jerry-curl,Coiffures,
activilong-acticlassic-brillantine-coco-ricin,Coiffures,
urban-luscious,Coiffures,
shampooing-activateur-de-boucles-activilong,Coiffures,
mielle-rosemary-mint-strengthening-hair-masque,Coiffures,
naomi-french-curl-14-et-28,Coiffures,
skala-expert-12-en-1,Coiffures,
yaki-flip-x-pression-weave-on,Coiffures,
blue-aqua-hair-wax-150-ml,Coiffures,
afro-styling-pik-cpk02,Coiffures,
activilong-paris-coco-damour-baume-fondant,Coiffures,
define-shine-dry-lotion,Coiffures,
soarn-chantilly-de-karite-chantilly-de-karite-tropical-juicy-corps-cheveux,Coiffures,
perruque-rose-134-16,Coiffures,
annie-peigne-volume-comb,Coiffures,
mielle-mint-almond-oil-blend-moisturizes-hair-and-scalp,Coiffures,
brazilian-remy-kinky-straight,Coiffures,
amalico-batana-oil-pro-natural-250ml,Coiffures,
sp-hh-sofia-lace-wig-10,Coiffures,
earth-supplied-shampoing-hydratant-reparateur-384ml,Coiffures,
red-one-hairwax,Coiffures,
crazy-pouss-apres-shampooing-regenerant-karite,Coiffures,
aloe-locks-gelee-baobab-cheveux-secs-et-ternes,Coiffures,
x-pression-2x-ultra-braid-pre-stretched,Coiffures,
afro-naturel-crazy-pouss-botox-capillaire,Coiffures,
premium-too-deep-wave-weave,Coiffures,
donna-clara-aurora,Coiffures,
generik-creme-colorante-sans-ammoniaque-100-ml,Coiffures,
pink-spritz-spray-coiffant,Coiffures,
probel-popcorn-twist-18,Coiffures,
brosse-definissante-de-boucles-jia-paris,Coiffures,
celine-angel-134-lace-wig-18,Coiffures,
mousse-coiffante-wrap-mousse-olive-oil,Coiffures,
amalico-batana-oil-pro-natural-shampo-500-ml-16-9-fl-oz,Coiffures,
natural-hair-concept-intense-moisturizing-conditioner,Coiffures,
quench-creme-anti-casse-root2tip-2-2,Coiffures,
lilly-131-lace-wig,Coiffures,
mielle-pomegranate-honey-twisting-souffle-torsade-a-la-grenade-et-au-miel,Coiffures,
ebin-wonder-pony-tail-spray-extreme-coarse-hair-245ml,Coiffures,
creme-hydratante-cheveux-crepus-boucles-as-i-am-double-butter,Coiffures,
easy-pouss-mousse-coiffante-aloe-vera-165ml,Coiffures,
activilong-creme-repair-style,Coiffures,
earth-supplied-masque-fortifiant-ricin-bambou-355ml,Coiffures,
whitney-h-h-wig,Coiffures,
activateur-de-boucles-curl-poppin-384ml,Coiffures,
probel-wave-lock-12%e2%80%b3,Coiffures,
fashion-idole-101-brasilia-weave,Coiffures,
crazy-pouss-hair-mayonnaise-masque-reparateur,Coiffures,
black-hair-gel-wax-150-ml,Coiffures,
wave-by-design-wave-lock,Coiffures,
natural-hair-concept-daily-leave-in-conditioner,Coiffures,
probel-tissage-bounce-curl-2pcs,Coiffures,
shampoing-locks-locksy-pouss,Coiffures,
mielle-rice-water-collection-split-end-therapy,Coiffures,
hadora-crochet-pre-tresse-lamour,Coiffures,
parc-afro-beurre-de-batana-batana-butter-100ml,Coiffures,
activilong-hot-oils-hair-cares-bain-dhuiles-2,Coiffures,
celine-julia-134-lace-wig-26,Coiffures,
probel-postiche-semi-naturel-bora-bora-25,Coiffures,
naomi-postiche-ds-grand,Coiffures,
probel-postiche-semi-naturel-romance-16,Coiffures,
les-secrets-de-loly-masque-repair-time,Coiffures,
annie-75-hair-pins-crimp-3314,Coiffures,
naomi-postiche-ds-afro-curl,Coiffures,
dabur-amla-hair-oil-natural-care-for-beautiful-hair,Coiffures,
mianda-12-hh-wig,Coiffures,
probel-french-braid-26,Coiffures,
annie-soft-twist-rollers-1201,Coiffures,
probel-romance-16,Coiffures,
dark-lovely-anti-breakage-hair-relaxer-kit-regular,Coiffures,
dark-lovely-beginnings-kit-fine-hair,Coiffures,
probl-semi-bresilien-natural-curl-18,Coiffures,
probel-marina-curl-20,Coiffures,
camille-rose-sweet-ginger-cleansing-rinse,Coiffures,
annie-peigne-3-in-1,Coiffures,
bio-pouss-huile-dargan-100-naturel-100ml,Coiffures,
violetta-aqua-hair-gel-wax-150-ml,Coiffures,
lait-capillaire-purepouss,Coiffures,
xpression-lil-looks-3x32-pouces,Coiffures,
bbhair-oxydant-10-20-30-40-volumes,Coiffures,
ic-fantasia-spray-brazilian-hair-oil-keratin-serum-171ml,Coiffures,
masque-hydra-curl-curly-pouss,Coiffures,
camille-rose-fresh-curl-revitalizing-hair,Coiffures,
probel-postiche-semi-naturel-venus-combi-36,Coiffures,
probel-postiche-afro-puff-pull,Coiffures,
shampooing-doux-nappy-queen,Coiffures,
co-wash-jia-paris,Coiffures,
activilong-coco-damour-gelee-gourmande,Coiffures,
aloe-locks-gelee-aloe-vera,Coiffures,
belle-anse-creme-hydratante-capillaire,Coiffures,
activilong-coco-damour-mousse-chantilly,Coiffures,
water-curly-meche-naturelle-indienne,Coiffures,
probel-coco-twist-20,Coiffures,
pink-power-mask,Coiffures,
afro-naturel-crazy-pouss-botox-capillaire-au-tanin,Coiffures,
soarn-serum-ail-moutarde-amla-100ml,Coiffures,
brazilian-remy-water-wave,Coiffures,
huile-dowala-aloe-locks,Coiffures,
flora-curl-protect-me-radiance-shampoo,Coiffures,
premium-too-yaki-natural-wvg,Coiffures,
mielle-rosemary-mint-blend-strenghtening-conditioner-infused-w-biotin-encourages-longer-healthier-hair,Coiffures,
leave-in-conditioner-jia-paris,Coiffures,
kuza-nutritious-hair-food-with-vitamins-ae-8-oz,Coiffures,
skala-expert-babosa,Coiffures,
probel-cherry-curl-semi-brazilian,Coiffures,
probel-bonita-crochet-10,Coiffures,
crazy-pouss-huile-a-lhuile-dolive,Coiffures,
wig-wave-tea-tree-borage-seed-oil-bonding-glue,Coiffures,
probel-poppin-twist-16,Coiffures,
mielle-moisture-hawailan-ginger-moistutizing-overnight-conditioner,Coiffures,
cline-claro-cl-wave-24-26-28,Coiffures,
blend-strenghthening-leave-in-conditioner-mielle-rosemary-mint,Coiffures,
pure-pousse-gamme-pure-pousse-3-mois-dutilisation,Coiffures,
parc-afro-batana-oil-cire-coiffante-150ml,Coiffures,
probel-tissage-semi-bresilien-silky-18%e2%80%b3,Coiffures,
huile-locks-locksy-pouss,Coiffures,
urban-spiral,Coiffures,
bob-wig-16,Coiffures,
perruque-big-afro-synthetique-wig-fashion-de-sleek-hair,Coiffures,
easy-pouss-shampoing-kigelia,Coiffures,
natural-hair-concept-ultra-hydrating-shampoo,Coiffures,
assia-lace-wig,Coiffures,
parc-afro-batana-oil-huile-de-batana-mousse-nourissante,Coiffures,
aunt-jackies-dont-shrink-flaxseed-elongating-curling-gel-15-oz,Coiffures,
mielle-pure-simple-natural-honey-ginger-flexible-hold-edge-gel-hold-thats-both-soft-manageable,Coiffures,
probel-tissage-semi-bresilien-natural-body-20,Coiffures,
probel-postiche-annie-combi,Coiffures,
serum-capillaire-multricroissance,Coiffures,
creme-of-nature-pure-honey-moisture-replenish-strength-hair-mask,Coiffures,
crazy-pouss-huile-de-carotte,Coiffures,
probel-nabi-locks-18,Coiffures,
spray-hydratant-jia-paris,Coiffures,
brosse-baby-hair,Coiffures,
easy-pouss-apres-shampoing-cire-dabeille,Coiffures,
jia-seche-cheveux-ionique,Coiffures,
annie-60-bob-pins-3308,Coiffures,
crazy-pouss-spray-perruque-lace-giga-bond,Coiffures,
parc-afro-batana-oil-huile-de-batana-250ml,Coiffures,
waam-base-neutre-shampoing-sans-sulfate,Coiffures,
cline-silky-yaki-18-2pcs,Coiffures,
bio-pouss-huile-daloe-vera-100-naturel-100ml,Coiffures,
sp-brazilian-rose-lace-wig,Coiffures,
naomi-jazze-curl-12,Coiffures,
perfect-edge-special-baby-hair-naturel-vegan-cire-capillaire-naturelle,Coiffures,
elixir-pousse-purepouss,Coiffures,
curl-keeper-energizing-shampoo-355ml,Coiffures,
easy-pouss-huile-de-risin,Coiffures,
avlon-texture-release-protecteur-thermique-120ml,Coiffures,
piquer-lacher,Coiffures,
probel-soft-locs-18,Coiffures,
huile-amla-gold-cheveux,Coiffures,
wig-red-18,Coiffures,
mielle-rosemary-mint-strengthening-pomade-to-oil-scalp-hair-quencher,Coiffures,
geraline-hh-wig-9,Coiffures,
probel-tissage-semi-bresilien-roxy-20%e2%80%b3,Coiffures,
fashion-idole-french-curl-express-braid,Coiffures,
les-secrets-de-loly-perfect-match-super-fruit-shampoing,Coiffures,
salon-pro-exclusive-30-sec-glue-residue-remover-shampoo,Coiffures,
creme-of-nature-coconit-milk-24hr-edge-tamer,Coiffures,
gelee-mangue-aloe-locks,Coiffures,
aileen,Coiffures,
serum-reparateur-aloe-locks,Coiffures,
katy-12-hh-wig,Coiffures,
probel-wave-lock-18%e2%80%b3,Coiffures,
urban-french-curl,Coiffures,
probel-tissage-bresilien-wv-natural-curl,Coiffures,
crazy-pouss-huile-de-ricin-100-pure,Coiffures,
probel-reggae-dread-lock,Coiffures,
urban-passion-twist,Coiffures,
brazilian-remy-body-wave,Coiffures,
probel-french-roll-22,Coiffures,
wave-by-design-moisture-wrap,Coiffures,
stylin-spray-moisturiser-for-waves-shortcuts,Coiffures,
melanie,Coiffures,
probel-feather-crochet-braid-deep,Coiffures,
new-locks-5000-hadora,Coiffures,
ors-hairestore-hair-mayonnaise-1l,Coiffures,
brosse-de-massage-stimulante-jia-paris,Coiffures,
sp-101-samira-lace-wig,Coiffures,
probel-tissage-bresilien-wv-lisse,Coiffures,
sp-brazilian-maria-lace-wig-20,Coiffures,
probel-postiche-semi-naturel-bella-25,Coiffures,
capillcare-masque-fortifiant-neel-loringa-amla,Coiffures,
curls-peek-a-boo-shampoing-bebe-8oz,Coiffures,
ebin-wonder-lace-bond-lace-melt-mousse-supreme-250ml,Coiffures,
ic-fantasia-serum-protecteur-thermique-heat-protector-178ml,Coiffures,
wonder-lace-bond-wig-adhesive-spray-supreme-2-82oz-80ml,Coiffures,
annie-brush-double-2901,Coiffures,
cantu-sb-cleansing-cream-shampoo-135oz,Coiffures,
shampoing-doux-pour-enfants-a-laloe-vera-shaeri,Coiffures,
actidetox-spray-micellaire-rafraichissant,Coiffures,
creme-of-nature-aloe-black-castor-reconst-leave-in-236-5-ml,Coiffures,
probel-ocean-deep-22,Coiffures,
creme-hydratante-intense-design-essentials-coconut-et-monoi-2,Coiffures,
creme-of-nature-argan-oil-from-morocco,Coiffures,
travel-kit-ondules-a-boucles,Coiffures,
pommade-mielle-mongongo-oil,Coiffures,
astrid,Coiffures,
masque-soin-demelant-activilong,Coiffures,
lait-capillaire-triple-m-root2tip,Coiffures,
naomi-postiche-ds-naomi,Coiffures,
lait-thermo-protecteur-activilong-acticurl-expert,Coiffures,
as-i-am-classic-coconut-cowash,Coiffures,
gelee-coco-aloe-locks,Coiffures,
fashion-idole-101-sara-weave-2pcs,Coiffures,
spray-boucles-fresh-cocktail-brume-curl-hibiscus,Coiffures,
probel-madeeha-lace-wig,Coiffures,
crazy-pouss-huile-macadamia,Coiffures,
syn-x-pression-ultra-braid,Coiffures,
pure-pousse-gamme-elixir-pousse-3-mois-dutilisation,Coiffures,
potion-elixir-50ml,Coiffures,
celine-beyonce-12,Coiffures,
6-pinces-a-clip-separateurs-noires,Coiffures,
salon-pro-exclusives-glue-residue-remover-shampoo,Coiffures,
tissage-yaki-naturel-18,Coiffures,
johnson-johnson-baby-shampoo,Coiffures,
xpression-ruwa-pre-tire,Coiffures,Meches A Tresser
x-pression-remi-feather-crochet-water-18,Coiffures,Meches A Tresser
jackson-meche-naturelle-indienne,Coiffures,Meches A Tresser
brazilian-hair-remy-straight-100-human-hair,Coiffures,Meches A Tresser
cline-body-weave-22-2pcs,Coiffures,Meches A Tresser
xpression-lil-looks-passion-bohemian-feed-twist-3x10-pouces,Coiffures,Meches A Tresser
naomi-panache-deep-crochet,Coiffures,Meches A Tresser
xpression-lil-looks-wavy-bomb-twist-8-pouces,Coiffures,Meches A Tresser
cline-deep-braid-22-2pcs,Coiffures,Meches A Tresser
probel-alicia,Coiffures,Meches A Tresser
body-wave-meche-naturelle-indienne,Coiffures,Meches A Tresser
probel-marly-twist-20,Coiffures,Meches A Tresser
dream-hair-3x-french-curl-braid,Coiffures,Meches A Tresser
urban-spring,Coiffures,Meches A Tresser
fashion-idole-101-rami-weave-2pcs,Coiffures,Meches A Tresser
naomi-macaron-curl-14,Coiffures,Meches A Tresser
soft-n-silky-afro-twist-braid,Coiffures,Meches A Tresser
fashion-idole-101-kinky-weave,Coiffures,Meches A Tresser
brazilian-remy-kinky-curl,Coiffures,Meches A Tresser
naomi-afro-triple-x3-24,Coiffures,Meches A Tresser
xpression-ultra-braid-6x52-pre-etire,Coiffures,Meches A Tresser
x-pression-remi-feather-crochet-deep-18,Coiffures,Meches A Tresser
frisette-classic-butterfly-twist,Coiffures,Meches A Tresser
xpression-lil-looks-box-braid-10-pouces,Coiffures,Meches A Tresser
fashion-idole-101-nappy-weave,Coiffures,Meches A Tresser
fashion-idole-101-maya-weave-2pcs,Coiffures,Meches A Tresser
fashion-idole-101-ivory-weave,Coiffures,Meches A Tresser
cline-ivory-cl-weave-20,Coiffures,Meches A Tresser
urban-hi-roller,Coiffures,Meches A Tresser
probel-crochet-dream-locs-22,Coiffures,Meches A Tresser
probel-tissage-semi-bresilien-natural-curl-18%e2%80%b3,Coiffures,Meches A Tresser
fashion-idole-101-claro-weave-3pcs,Coiffures,Meches A Tresser
naomi-xciting,Coiffures,Meches A Tresser
fashion-idole-101-glossy-weave-2pcs,Coiffures,Meches A Tresser
kinky-curly-meche-naturelle-indienne,Coiffures,Meches A Tresser
naomi-afro-swing-20,Coiffures,Meches A Tresser
silky-straight-meche-naturelle-indienne,Coiffures,Meches A Tresser
naomi-afro-naturel-12,Coiffures,Meches A Tresser
clip-in-extensions-45-straight,Coiffures,Meches A Tresser
naomi-afro-bulk-24,Coiffures,Meches A Tresser
semi-bresilien-samba-curl,Coiffures,Meches A Tresser
fashion-idole-101-hot-yaki-weave,Coiffures,Meches A Tresser
probel-salsa-twist,Coiffures,Meches A Tresser
premium-too-euro-straight,Coiffures,Meches A Tresser
probel-carmen-wave-18,Coiffures,Meches A Tresser
premium-too-deep-wave-bulk,Coiffures,Meches A Tresser
xpression-springy-3x-afro-twist-24-pouces,Coiffures,Meches A Tresser
xpression-springy-3x-afro-twist-16-pouces,Coiffures,Meches A Tresser
brazilian-remy-jerry-curl,Coiffures,Meches A Tresser
urban-luscious,Coiffures,Meches A Tresser
naomi-french-curl-14-et-28,Coiffures,Meches A Tresser
brazilian-remy-kinky-straight,Coiffures,Meches A Tresser
premium-too-deep-wave-weave,Coiffures,Meches A Tresser
probel-popcorn-twist-18,Coiffures,Meches A Tresser
probel-wave-lock-12%e2%80%b3,Coiffures,Meches A Tresser
fashion-idole-101-brasilia-weave,Coiffures,Meches A Tresser
probel-tissage-bounce-curl-2pcs,Coiffures,Meches A Tresser
hadora-crochet-pre-tresse-lamour,Coiffures,Meches A Tresser
probel-french-braid-26,Coiffures,Meches A Tresser
probel-marina-curl-20,Coiffures,Meches A Tresser
xpression-lil-looks-3x32-pouces,Coiffures,Meches A Tresser
water-curly-meche-naturelle-indienne,Coiffures,Meches A Tresser
probel-coco-twist-20,Coiffures,Meches A Tresser
brazilian-remy-water-wave,Coiffures,Meches A Tresser
premium-too-yaki-natural-wvg,Coiffures,Meches A Tresser
probel-cherry-curl-semi-brazilian,Coiffures,Meches A Tresser
probel-bonita-crochet-10,Coiffures,Meches A Tresser
probel-poppin-twist-16,Coiffures,Meches A Tresser
cline-claro-cl-wave-24-26-28,Coiffures,Meches A Tresser
urban-spiral,Coiffures,Meches A Tresser
probel-nabi-locks-18,Coiffures,Meches A Tresser
cline-silky-yaki-18-2pcs,Coiffures,Meches A Tresser
naomi-jazze-curl-12,Coiffures,Meches A Tresser
piquer-lacher,Coiffures,Meches A Tresser
probel-soft-locs-18,Coiffures,Meches A Tresser
fashion-idole-french-curl-express-braid,Coiffures,Meches A Tresser
probel-wave-lock-18%e2%80%b3,Coiffures,Meches A Tresser
urban-french-curl,Coiffures,Meches A Tresser
probel-reggae-dread-lock,Coiffures,Meches A Tresser
urban-passion-twist,Coiffures,Meches A Tresser
brazilian-remy-body-wave,Coiffures,Meches A Tresser
probel-french-roll-22,Coiffures,Meches A Tresser
probel-feather-crochet-braid-deep,Coiffures,Meches A Tresser
new-locks-5000-hadora,Coiffures,Meches A Tresser
probel-ocean-deep-22,Coiffures,Meches A Tresser
fashion-idole-101-sara-weave-2pcs,Coiffures,Meches A Tresser
probel-madeeha-lace-wig,Coiffures,Meches A Tresser
annie-stainless-ciseaux,Coiffures,Accessoires De Coiffures
crochet-pour-locks-double,Coiffures,Accessoires De Coiffures
annie-snap-on-rollers-1003,Coiffures,Accessoires De Coiffures
new-york-wonder-lace-bond-adhesive-spray-extra-mega-hold,Coiffures,Accessoires De Coiffures
annie-club-brush-2061,Coiffures,Accessoires De Coiffures
elastiques-annie-50-ponytailers-3352,Coiffures,Accessoires De Coiffures
red-by-kiss-professional-fan-pik-cpk03,Coiffures,Accessoires De Coiffures
ciseaux-coiffure,Coiffures,Accessoires De Coiffures
annie-soft-twist-rollers-1198,Coiffures,Accessoires De Coiffures
crochet-pour-locks-triple,Coiffures,Accessoires De Coiffures
annie-32-pins-hair-3327,Coiffures,Accessoires De Coiffures
annie-brush-wooden-double-face-2092,Coiffures,Accessoires De Coiffures
annie-hair-dryer-nozzle-combo-pack-2988,Coiffures,Accessoires De Coiffures
vaporisateur-spray-balloon-300ml-efalock,Coiffures,Accessoires De Coiffures
dark-lovely-relaxer-kit-regular,Coiffures,Accessoires De Coiffures
brosse-curls-jia,Coiffures,Accessoires De Coiffures
salon-pro-exclusives-hair-bonding-glue-super-bond,Coiffures,Accessoires De Coiffures
annie-soft-twist-rollers-1202,Coiffures,Accessoires De Coiffures
annie-snap-on-rollers-1005,Coiffures,Accessoires De Coiffures
annie-snap-on-rollers-1004,Coiffures,Accessoires De Coiffures
annie-14-ponytailers-3355,Coiffures,Accessoires De Coiffures
brumisateur-capillaire-jia-paris,Coiffures,Accessoires De Coiffures
afro-styling-pik-cpk01,Coiffures,Accessoires De Coiffures
annie-buddon-scarf-4483,Coiffures,Accessoires De Coiffures
carte-de-24-pinces-guiches-ondulees-70mm,Coiffures,Accessoires De Coiffures
red-by-kiss-professional-fan-pik-cpk04,Coiffures,Accessoires De Coiffures
annie-6-spring-clips,Coiffures,Accessoires De Coiffures
brosse-demelante-jia,Coiffures,Accessoires De Coiffures
afro-styling-pik-cpk02,Coiffures,Accessoires De Coiffures
annie-peigne-volume-comb,Coiffures,Accessoires De Coiffures
brosse-definissante-de-boucles-jia-paris,Coiffures,Accessoires De Coiffures
annie-75-hair-pins-crimp-3314,Coiffures,Accessoires De Coiffures
annie-soft-twist-rollers-1201,Coiffures,Accessoires De Coiffures
annie-peigne-3-in-1,Coiffures,Accessoires De Coiffures
wig-wave-tea-tree-borage-seed-oil-bonding-glue,Coiffures,Accessoires De Coiffures
brosse-baby-hair,Coiffures,Accessoires De Coiffures
jia-seche-cheveux-ionique,Coiffures,Accessoires De Coiffures
annie-60-bob-pins-3308,Coiffures,Accessoires De Coiffures
stylin-spray-moisturiser-for-waves-shortcuts,Coiffures,Accessoires De Coiffures
brosse-de-massage-stimulante-jia-paris,Coiffures,Accessoires De Coiffures
wonder-lace-bond-wig-adhesive-spray-supreme-2-82oz-80ml,Coiffures,Accessoires De Coiffures
annie-brush-double-2901,Coiffures,Accessoires De Coiffures
6-pinces-a-clip-separateurs-noires,Coiffures,Accessoires De Coiffures
salon-pro-exclusives-glue-residue-remover-shampoo,Coiffures,Accessoires De Coiffures
coconut-water-style-setter-camille-rose,Coiffures,Soins Cheveux Coiffures
orange-aqua-hair-gel-wax-150-ml,Coiffures,Soins Cheveux Coiffures
new-organic-extra-pouss,Coiffures,Soins Cheveux Coiffures
serum-definisseur-jia-paris,Coiffures,Soins Cheveux Coiffures
wonder-lace-bond-wig-adhesive-spray-supreme-180-ml,Coiffures,Soins Cheveux Coiffures
crazy-pouss-kids-apres-shampooing-hydratant-a-lhuile-de-nigelle,Coiffures,Soins Cheveux Coiffures
aunt-jackies-butter-creme,Coiffures,Soins Cheveux Coiffures
creme-of-nature-pure-honey-twisting-cream,Coiffures,Soins Cheveux Coiffures
aloe-locks-gelee-hibiscus,Coiffures,Soins Cheveux Coiffures
activilong-lait-coiffant-nourrissant,Coiffures,Soins Cheveux Coiffures
mousse-coiffante-wrap-mousse-olive-oil-2,Coiffures,Soins Cheveux Coiffures
curly-q-custard-cream,Coiffures,Soins Cheveux Coiffures
capillcare-huile-stimulante-super-growth,Coiffures,Soins Cheveux Coiffures
les-secrets-de-loly-creme-extra-nourrissante-magic-twist,Coiffures,Soins Cheveux Coiffures
mielle-rosemary-mint-strengthening-scalp-edge-cleansing-oil,Coiffures,Soins Cheveux Coiffures
actikids-spray-demelant-sans-rincage,Coiffures,Soins Cheveux Coiffures
crazy-pouss-creme-oh-lalah-repulpeur-de-boucles,Coiffures,Soins Cheveux Coiffures
curl-keeper-cream-conditioner-240ml,Coiffures,Soins Cheveux Coiffures
natural-hair-concept-cowash,Coiffures,Soins Cheveux Coiffures
daily-styling-creme-mielle-rosemary-mint,Coiffures,Soins Cheveux Coiffures
ors-herbal-cleanse-shampoing-sec-8oz,Coiffures,Soins Cheveux Coiffures
shampooing-hydratant-arcahaie-evashair,Coiffures,Soins Cheveux Coiffures
eco-styler-krystal-32oz,Coiffures,Soins Cheveux Coiffures
activilong-shampooing-lissant-ricin-acticlassic,Coiffures,Soins Cheveux Coiffures
masque-intense-rich-250ml-curl-hibiscus,Coiffures,Soins Cheveux Coiffures
africas-best-instant-detangling-conditioner-12-oz,Coiffures,Soins Cheveux Coiffures
les-secrets-de-loly-cloud-fusion-mousse-capillaire-fixante-200ml,Coiffures,Soins Cheveux Coiffures
ciao-bellissima-choco-wash-intensive-mask,Coiffures,Soins Cheveux Coiffures
serum-cheveux-secs-cassants-fantasia-carrot-178ml,Coiffures,Soins Cheveux Coiffures
smoothie-nourrissant,Coiffures,Soins Cheveux Coiffures
skala-expert-oleo-de-organ,Coiffures,Soins Cheveux Coiffures
as-i-am-bond-moisturizing-mask,Coiffures,Soins Cheveux Coiffures
aunt-jackies-flaxseed-curl-mane-tenance-defining-curl-whip-426gr,Coiffures,Soins Cheveux Coiffures
keratin-matte-hair-wax,Coiffures,Soins Cheveux Coiffures
clere-glycerine-100ml,Coiffures,Soins Cheveux Coiffures
boost-curl-gelee-hydratante-les-secrets-de-loly,Coiffures,Soins Cheveux Coiffures
creme-of-nature-shampoing-sans-sulfate-hydratant-argan-oil,Coiffures,Soins Cheveux Coiffures
activilong-actirepair-lait-coiffant-reparateur-olive-avocat-nourrit-discipline-cheveux-secs-et-abimes,Coiffures,Soins Cheveux Coiffures
creme-of-nature-wtih-argan-oil-from-morocco-for-natural-hair-twirling-custard-curl-styling-gel,Coiffures,Soins Cheveux Coiffures
xtreme-pouss-huile-de-serpent-100-naturelle,Coiffures,Soins Cheveux Coiffures
spray-revitalisant-fortifiant-251ml,Coiffures,Soins Cheveux Coiffures
as-i-am-jamaican-black-castor-oil-moisturizing-mask,Coiffures,Soins Cheveux Coiffures
les-secrets-de-loly-serum-de-croissance,Coiffures,Soins Cheveux Coiffures
serum-capillaire-fortifiant-lissant-retention-oil-133ml,Coiffures,Soins Cheveux Coiffures
creme-of-nature-argan-oil-anti-humidity-gloss-shine-mist,Coiffures,Soins Cheveux Coiffures
mielle-detangling-co-wash-for-dry-curly-hair-types,Coiffures,Soins Cheveux Coiffures
crazy-pouss-crazy-creme-camomille-bleue,Coiffures,Soins Cheveux Coiffures
crazy-pouss-stick-wax-cire-coiffante,Coiffures,Soins Cheveux Coiffures
camille-rose-coconut-water-leave-in-treatment-8-0-fl-oz,Coiffures,Soins Cheveux Coiffures
mielle-white-peony-leave-in-conditioner,Coiffures,Soins Cheveux Coiffures
quiksilver-aqua-hair-wax-150-ml,Coiffures,Soins Cheveux Coiffures
creme-de-nuit-capillaire-lay-me-down-170g,Coiffures,Soins Cheveux Coiffures
curls-lavish-moisturizer,Coiffures,Soins Cheveux Coiffures
aunt-jackies-grapseed-ice-curly-glossy-curling-jelly,Coiffures,Soins Cheveux Coiffures
african-pride-olive-relaxer-kit-super,Coiffures,Soins Cheveux Coiffures
vaporisateur-spray-balloon-300ml-efalock,Coiffures,Soins Cheveux Coiffures
afro-naturel-crazy-pouss-crazy-curl-gelee-de-definition-de-boucles-pour-cheveux-frises-et-crepus,Coiffures,Soins Cheveux Coiffures
bright-aqua-hair-wax-150-ml,Coiffures,Soins Cheveux Coiffures
creme-of-nature-moisture-recovery-leave-in-curl-milk,Coiffures,Soins Cheveux Coiffures
kymia-perfect-wax-cire-capillaire-naturelle-vegan-200g,Coiffures,Soins Cheveux Coiffures
algae-renew-deep-conditioning-mask-camille-rose,Coiffures,Soins Cheveux Coiffures
vatika-mustard-hair-oil-200-ml,Coiffures,Soins Cheveux Coiffures
got2b-glued-gel-coiffant-pour-cheveux-de-schwarzkopf,Coiffures,Soins Cheveux Coiffures
aloe-whipped-butter-gel-camille-rose,Coiffures,Soins Cheveux Coiffures
activilong-acticurl-mousse-bouclante-2,Coiffures,Soins Cheveux Coiffures
kids-smoothing-and-styling-gel,Coiffures,Soins Cheveux Coiffures
les-secrets-de-loly-kurl-glow-gel-in-oil-3-en-1,Coiffures,Soins Cheveux Coiffures
morfose-royal-black-temporary-hair-color-spray,Coiffures,Soins Cheveux Coiffures
cantu-for-kids-styling-custard-wt-8-oz,Coiffures,Soins Cheveux Coiffures
chebe-strengthening-curl-perfecting-mousse,Coiffures,Soins Cheveux Coiffures
masque-mielle-babassu-mint-deep-conditioner,Coiffures,Soins Cheveux Coiffures
crazy-pouss-bain-dhuile-regenerant-au-karite,Coiffures,Soins Cheveux Coiffures
detoxifying-tonic,Coiffures,Soins Cheveux Coiffures
aloe-locks-hibiscus-mousse-perfection-foam-sans-silicone,Coiffures,Soins Cheveux Coiffures
dark-lovely-superior-moisture-plus,Coiffures,Soins Cheveux Coiffures
eco-styler-proteine-32oz,Coiffures,Soins Cheveux Coiffures
camille-rose-almond-jai-twisting-butter,Coiffures,Soins Cheveux Coiffures
as-i-am-classic-twist-defining-cream,Coiffures,Soins Cheveux Coiffures
jessicurl-spiralicious-8oz,Coiffures,Soins Cheveux Coiffures
cantu-kids-care-nourishing-shampoo-237ml,Coiffures,Soins Cheveux Coiffures
as-i-am-classic-doublebutter-cream,Coiffures,Soins Cheveux Coiffures
camille-rose-soin-sans-rincage-a-leau-de-coco-240-ml,Coiffures,Soins Cheveux Coiffures
scalp-hair-strengthening-oil-mielle-rosemary-mint,Coiffures,Soins Cheveux Coiffures
curls-the-ultimate-butter-gel,Coiffures,Soins Cheveux Coiffures
huile-anti-casse-brillance-ricin-bambou-196ml,Coiffures,Soins Cheveux Coiffures
curly-q-milkshake,Coiffures,Soins Cheveux Coiffures
green-matte-hair-wax-150-ml,Coiffures,Soins Cheveux Coiffures
olive-aqua-hair-wax,Coiffures,Soins Cheveux Coiffures
eco-styler-curl-and-wave-32oz,Coiffures,Soins Cheveux Coiffures
mielle-moisture-hawailan-ginger-moisturizing-scalp-treatment,Coiffures,Soins Cheveux Coiffures
easy-pouss-lait-capillaire-papaye-250-ml,Coiffures,Soins Cheveux Coiffures
as-i-am-bond-oil,Coiffures,Soins Cheveux Coiffures
activilong-paris-actidetox-shampooing-purifiant-nettoie-assainit,Coiffures,Soins Cheveux Coiffures
activilong-acticlassic-brillantine-coco-ricin,Coiffures,Soins Cheveux Coiffures
shampooing-activateur-de-boucles-activilong,Coiffures,Soins Cheveux Coiffures
mielle-rosemary-mint-strengthening-hair-masque,Coiffures,Soins Cheveux Coiffures
skala-expert-12-en-1,Coiffures,Soins Cheveux Coiffures
blue-aqua-hair-wax-150-ml,Coiffures,Soins Cheveux Coiffures
activilong-paris-coco-damour-baume-fondant,Coiffures,Soins Cheveux Coiffures
define-shine-dry-lotion,Coiffures,Soins Cheveux Coiffures
mielle-mint-almond-oil-blend-moisturizes-hair-and-scalp,Coiffures,Soins Cheveux Coiffures
earth-supplied-shampoing-hydratant-reparateur-384ml,Coiffures,Soins Cheveux Coiffures
red-one-hairwax,Coiffures,Soins Cheveux Coiffures
crazy-pouss-apres-shampooing-regenerant-karite,Coiffures,Soins Cheveux Coiffures
aloe-locks-gelee-baobab-cheveux-secs-et-ternes,Coiffures,Soins Cheveux Coiffures
afro-naturel-crazy-pouss-botox-capillaire,Coiffures,Soins Cheveux Coiffures
pink-spritz-spray-coiffant,Coiffures,Soins Cheveux Coiffures
mousse-coiffante-wrap-mousse-olive-oil,Coiffures,Soins Cheveux Coiffures
natural-hair-concept-intense-moisturizing-conditioner,Coiffures,Soins Cheveux Coiffures
quench-creme-anti-casse-root2tip-2-2,Coiffures,Soins Cheveux Coiffures
mielle-pomegranate-honey-twisting-souffle-torsade-a-la-grenade-et-au-miel,Coiffures,Soins Cheveux Coiffures
ebin-wonder-pony-tail-spray-extreme-coarse-hair-245ml,Coiffures,Soins Cheveux Coiffures
creme-hydratante-cheveux-crepus-boucles-as-i-am-double-butter,Coiffures,Soins Cheveux Coiffures
activilong-creme-repair-style,Coiffures,Soins Cheveux Coiffures
earth-supplied-masque-fortifiant-ricin-bambou-355ml,Coiffures,Soins Cheveux Coiffures
activateur-de-boucles-curl-poppin-384ml,Coiffures,Soins Cheveux Coiffures
crazy-pouss-hair-mayonnaise-masque-reparateur,Coiffures,Soins Cheveux Coiffures
black-hair-gel-wax-150-ml,Coiffures,Soins Cheveux Coiffures
natural-hair-concept-daily-leave-in-conditioner,Coiffures,Soins Cheveux Coiffures
mielle-rice-water-collection-split-end-therapy,Coiffures,Soins Cheveux Coiffures
activilong-hot-oils-hair-cares-bain-dhuiles-2,Coiffures,Soins Cheveux Coiffures
les-secrets-de-loly-masque-repair-time,Coiffures,Soins Cheveux Coiffures
dabur-amla-hair-oil-natural-care-for-beautiful-hair,Coiffures,Soins Cheveux Coiffures
dark-lovely-anti-breakage-hair-relaxer-kit-regular,Coiffures,Soins Cheveux Coiffures
dark-lovely-beginnings-kit-fine-hair,Coiffures,Soins Cheveux Coiffures
camille-rose-sweet-ginger-cleansing-rinse,Coiffures,Soins Cheveux Coiffures
bio-pouss-huile-dargan-100-naturel-100ml,Coiffures,Soins Cheveux Coiffures
violetta-aqua-hair-gel-wax-150-ml,Coiffures,Soins Cheveux Coiffures
lait-capillaire-purepouss,Coiffures,Soins Cheveux Coiffures
ic-fantasia-spray-brazilian-hair-oil-keratin-serum-171ml,Coiffures,Soins Cheveux Coiffures
camille-rose-fresh-curl-revitalizing-hair,Coiffures,Soins Cheveux Coiffures
activilong-coco-damour-gelee-gourmande,Coiffures,Soins Cheveux Coiffures
aloe-locks-gelee-aloe-vera,Coiffures,Soins Cheveux Coiffures
belle-anse-creme-hydratante-capillaire,Coiffures,Soins Cheveux Coiffures
activilong-coco-damour-mousse-chantilly,Coiffures,Soins Cheveux Coiffures
afro-naturel-crazy-pouss-botox-capillaire-au-tanin,Coiffures,Soins Cheveux Coiffures
soarn-serum-ail-moutarde-amla-100ml,Coiffures,Soins Cheveux Coiffures
flora-curl-protect-me-radiance-shampoo,Coiffures,Soins Cheveux Coiffures
mielle-rosemary-mint-blend-strenghtening-conditioner-infused-w-biotin-encourages-longer-healthier-hair,Coiffures,Soins Cheveux Coiffures
leave-in-conditioner-jia-paris,Coiffures,Soins Cheveux Coiffures
kuza-nutritious-hair-food-with-vitamins-ae-8-oz,Coiffures,Soins Cheveux Coiffures
skala-expert-babosa,Coiffures,Soins Cheveux Coiffures
crazy-pouss-huile-a-lhuile-dolive,Coiffures,Soins Cheveux Coiffures
mielle-moisture-hawailan-ginger-moistutizing-overnight-conditioner,Coiffures,Soins Cheveux Coiffures
blend-strenghthening-leave-in-conditioner-mielle-rosemary-mint,Coiffures,Soins Cheveux Coiffures
pure-pousse-gamme-pure-pousse-3-mois-dutilisation,Coiffures,Soins Cheveux Coiffures
easy-pouss-shampoing-kigelia,Coiffures,Soins Cheveux Coiffures
natural-hair-concept-ultra-hydrating-shampoo,Coiffures,Soins Cheveux Coiffures
aunt-jackies-dont-shrink-flaxseed-elongating-curling-gel-15-oz,Coiffures,Soins Cheveux Coiffures
mielle-pure-simple-natural-honey-ginger-flexible-hold-edge-gel-hold-thats-both-soft-manageable,Coiffures,Soins Cheveux Coiffures
serum-capillaire-multricroissance,Coiffures,Soins Cheveux Coiffures
creme-of-nature-pure-honey-moisture-replenish-strength-hair-mask,Coiffures,Soins Cheveux Coiffures
crazy-pouss-huile-de-carotte,Coiffures,Soins Cheveux Coiffures
spray-hydratant-jia-paris,Coiffures,Soins Cheveux Coiffures
crazy-pouss-spray-perruque-lace-giga-bond,Coiffures,Soins Cheveux Coiffures
waam-base-neutre-shampoing-sans-sulfate,Coiffures,Soins Cheveux Coiffures
bio-pouss-huile-daloe-vera-100-naturel-100ml,Coiffures,Soins Cheveux Coiffures
perfect-edge-special-baby-hair-naturel-vegan-cire-capillaire-naturelle,Coiffures,Soins Cheveux Coiffures
curl-keeper-energizing-shampoo-355ml,Coiffures,Soins Cheveux Coiffures
easy-pouss-huile-de-risin,Coiffures,Soins Cheveux Coiffures
huile-amla-gold-cheveux,Coiffures,Soins Cheveux Coiffures
mielle-rosemary-mint-strengthening-pomade-to-oil-scalp-hair-quencher,Coiffures,Soins Cheveux Coiffures
creme-of-nature-coconit-milk-24hr-edge-tamer,Coiffures,Soins Cheveux Coiffures
crazy-pouss-huile-de-ricin-100-pure,Coiffures,Soins Cheveux Coiffures
ors-hairestore-hair-mayonnaise-1l,Coiffures,Soins Cheveux Coiffures
capillcare-masque-fortifiant-neel-loringa-amla,Coiffures,Soins Cheveux Coiffures
curls-peek-a-boo-shampoing-bebe-8oz,Coiffures,Soins Cheveux Coiffures
ic-fantasia-serum-protecteur-thermique-heat-protector-178ml,Coiffures,Soins Cheveux Coiffures
cantu-sb-cleansing-cream-shampoo-135oz,Coiffures,Soins Cheveux Coiffures
shampoing-doux-pour-enfants-a-laloe-vera-shaeri,Coiffures,Soins Cheveux Coiffures
actidetox-spray-micellaire-rafraichissant,Coiffures,Soins Cheveux Coiffures
creme-of-nature-aloe-black-castor-reconst-leave-in-236-5-ml,Coiffures,Soins Cheveux Coiffures
creme-of-nature-argan-oil-from-morocco,Coiffures,Soins Cheveux Coiffures
travel-kit-ondules-a-boucles,Coiffures,Soins Cheveux Coiffures
pommade-mielle-mongongo-oil,Coiffures,Soins Cheveux Coiffures
masque-soin-demelant-activilong,Coiffures,Soins Cheveux Coiffures
lait-capillaire-triple-m-root2tip,Coiffures,Soins Cheveux Coiffures
lait-thermo-protecteur-activilong-acticurl-expert,Coiffures,Soins Cheveux Coiffures
as-i-am-classic-coconut-cowash,Coiffures,Soins Cheveux Coiffures
spray-boucles-fresh-cocktail-brume-curl-hibiscus,Coiffures,Soins Cheveux Coiffures
crazy-pouss-huile-macadamia,Coiffures,Soins Cheveux Coiffures
pure-pousse-gamme-elixir-pousse-3-mois-dutilisation,Coiffures,Soins Cheveux Coiffures
potion-elixir-50ml,Coiffures,Soins Cheveux Coiffures
probel-semi-bresilien-deep-wave-12,Coiffures,Tissage
tissage-hot-yaki-extensions-fashion-idol-101-sleek-hair,Coiffures,Tissage
probel-semi-bresilien-deep-wave-18,Coiffures,Tissage
probel-tissage-semi-bresilien-natural-curl-18%e2%80%b3,Coiffures,Tissage
frisette-water-wave-7000,Coiffures,Tissage
probel-tissage-semi-bresilien-silky-14%e2%80%b3,Coiffures,Tissage
bresilienne-fanny,Coiffures,Tissage
yaki-flip-x-pression-weave-on,Coiffures,Tissage
x-pression-2x-ultra-braid-pre-stretched,Coiffures,Tissage
probl-semi-bresilien-natural-curl-18,Coiffures,Tissage
probel-tissage-semi-bresilien-silky-18%e2%80%b3,Coiffures,Tissage
probel-tissage-semi-bresilien-natural-body-20,Coiffures,Tissage
probel-tissage-semi-bresilien-roxy-20%e2%80%b3,Coiffures,Tissage
probel-tissage-bresilien-wv-natural-curl,Coiffures,Tissage
probel-feather-crochet-braid-deep,Coiffures,Tissage
probel-tissage-bresilien-wv-lisse,Coiffures,Tissage
syn-x-pression-ultra-braid,Coiffures,Tissage
tissage-yaki-naturel-18,Coiffures,Tissage
dream-hair-3x-french-curl-braid,Coiffures,Extensions
fashion-idole-101-rami-weave-2pcs,Coiffures,Extensions
probel-tissage-semi-bresilien-water-26,Coiffures,Extensions
fashion-idole-101-kinky-weave,Coiffures,Extensions
frisette-classic-butterfly-twist,Coiffures,Extensions
fashion-idole-101-nappy-weave,Coiffures,Extensions
fashion-idole-101-maya-weave-2pcs,Coiffures,Extensions
fashion-idole-101-ivory-weave,Coiffures,Extensions
fashion-idole-101-claro-weave-3pcs,Coiffures,Extensions
fashion-idole-101-glossy-weave-2pcs,Coiffures,Extensions
frisette-water-wave-7000,Coiffures,Extensions
naomi-afro-bulk-24,Coiffures,Extensions
fashion-idole-101-hot-yaki-weave,Coiffures,Extensions
premium-too-euro-straight,Coiffures,Extensions
probel-carmen-wave-18,Coiffures,Extensions
premium-too-deep-wave-bulk,Coiffures,Extensions
premium-too-deep-wave-weave,Coiffures,Extensions
hadora-crochet-pre-tresse-lamour,Coiffures,Extensions
probel-marina-curl-20,Coiffures,Extensions
premium-too-yaki-natural-wvg,Coiffures,Extensions
probel-cherry-curl-semi-brazilian,Coiffures,Extensions
fashion-idole-french-curl-express-braid,Coiffures,Extensions
probel-ocean-deep-22,Coiffures,Extensions
fashion-idole-101-sara-weave-2pcs,Coiffures,Extensions
perruque-bresilienne-josephine-lace-wig-spotlight,Coiffures,Lace Wig
bare-lace-unit-5-13x6-30-highlights,Coiffures,Lace Wig
bare-lace-unit-1-13x6-28,Coiffures,Lace Wig
probel-vivianne-lace-wig,Coiffures,Lace Wig
probel-perruque-bresilienne-scarlett,Coiffures,Lace Wig
44-lace-closure-14-st-bw,Coiffures,Lace Wig
feme-lace-wig-human-hair-13x4-bob-12,Coiffures,Lace Wig
bare-lace-unit-8-13x6-26,Coiffures,Lace Wig
feme-lace-wig-human-hair-straight-22,Coiffures,Lace Wig
assia-lace-wig,Coiffures,Lace Wig
huile-de-croissance-pour-barbe-ozentya,Hommes,Soins Barbes
crazy-pouss-huile-crazy-barbe-120ml,Hommes,Soins Barbes
red-by-kiss-precision-blade-cordless-trimmer,Hommes,Soins Barbes
ciseaux-effileurs,Hommes,Accessoires Homme
morfose-royal-black-temporary-hair-color-spray,Hommes,Accessoires Homme
annie-neck-duster,Hommes,Accessoires Homme
sliky-satin-durag,Hommes,Accessoires Homme
red-by-kiss-precision-blade-cordless-trimmer,Hommes,Accessoires Homme
scurl-comb-thru-texturizer-kit-regular-1-application,Hommes,Cheveux Homme
serum-definisseur-jia-paris,Hommes,Cheveux Homme
kalia-nature-srum-au-murumuru-30ml,Hommes,Cheveux Homme
gloss-extra-hold-gummy,Hommes,Cheveux Homme
ciao-bellissima-choco-wash-intensive-mask,Hommes,Cheveux Homme
shampooing-colorant-noir-cheveux-blancs-dexe,Hommes,Cheveux Homme
pure-pousse-kit-de-base-routine-cheveux-afro-3-mois-dutilisation,Hommes,Cheveux Homme
activilong-actirepair-lait-coiffant-reparateur-olive-avocat-nourrit-discipline-cheveux-secs-et-abimes,Hommes,Cheveux Homme
creme-of-nature-argan-oil-anti-humidity-gloss-shine-mist,Hommes,Cheveux Homme
betty-hutton-hair-pouss-plus,Hommes,Cheveux Homme
matte-finish-gummy,Hommes,Cheveux Homme
kymia-perfect-wax-cire-capillaire-naturelle-vegan-200g,Hommes,Cheveux Homme
softsheen-carson-dark-natural-hair-color,Hommes,Cheveux Homme
morfose-royal-black-temporary-hair-color-spray,Hommes,Cheveux Homme
cantu-for-kids-styling-custard-wt-8-oz,Hommes,Cheveux Homme
aloe-locks-creme-de-mangue,Hommes,Cheveux Homme
detoxifying-tonic,Hommes,Cheveux Homme
aloe-locks-hibiscus-mousse-perfection-foam-sans-silicone,Hommes,Cheveux Homme
skala-expert-mais-crespinhos,Hommes,Cheveux Homme
keratin-complex-hard-finish-gummy,Hommes,Cheveux Homme
cantu-kids-care-nourishing-shampoo-237ml,Hommes,Cheveux Homme
parc-afro-batana-oil-hair-wax-stick-stick-wax-cire-coiffante,Hommes,Cheveux Homme
parc-afro-pommade-capillaire,Hommes,Cheveux Homme
dexe-hair-building-fibers,Hommes,Cheveux Homme
amalico-batana-oil-pro-natural-hair-serum-100-ml-3-4-fl-oz,Hommes,Cheveux Homme
amalico-batana-oil-pro-natural-250ml,Hommes,Cheveux Homme
dexe-black-hair-shampoo-400ml,Hommes,Cheveux Homme
pink-spritz-spray-coiffant,Hommes,Cheveux Homme
creme-of-nature-coloration-homme-natural-black,Hommes,Cheveux Homme
mousse-coiffante-wrap-mousse-olive-oil,Hommes,Cheveux Homme
amalico-batana-oil-pro-natural-shampo-500-ml-16-9-fl-oz,Hommes,Cheveux Homme
activilong-creme-repair-style,Hommes,Cheveux Homme
huile-de-ricin-noire-dhaiti-lwil-evashair,Hommes,Cheveux Homme
parc-afro-beurre-de-batana-batana-butter-100ml,Hommes,Cheveux Homme
leave-in-conditioner-jia-paris,Hommes,Cheveux Homme
crazy-pouss-huile-a-lhuile-dolive,Hommes,Cheveux Homme
parc-afro-batana-oil-cire-coiffante-150ml,Hommes,Cheveux Homme
casual-look-gummy,Hommes,Cheveux Homme
parc-afro-batana-oil-huile-de-batana-mousse-nourissante,Hommes,Cheveux Homme
crazy-pouss-huile-de-carotte,Hommes,Cheveux Homme
pommade-pour-wave-sportin-wave-black-scurl,Hommes,Cheveux Homme
parc-afro-batana-oil-huile-de-batana-250ml,Hommes,Cheveux Homme
perfect-edge-special-baby-hair-naturel-vegan-cire-capillaire-naturelle,Hommes,Cheveux Homme
keratin-complex-bright-max-hold-gummy,Hommes,Cheveux Homme
lait-capillaire-triple-m-root2tip,Hommes,Cheveux Homme
crazy-pouss-huile-macadamia,Hommes,Cheveux Homme
pure-pousse-gamme-elixir-pousse-3-mois-dutilisation,Hommes,Cheveux Homme
dudu-osun-liquid-soap-250ml,Hommes,Soin Visage Homme
bio-pouss-huile-daloe-vera-100-naturel-100ml,Hommes,Soin Visage Homme
clairmen-huile,Hommes,Soins Corps Homme
clairmen-savon-200g,Hommes,Soins Corps Homme
clairmen-lightenint-program,Hommes,Soins Corps Homme
fw-savon-gommant-aha-2,Hommes,Soins Corps Homme
natural-glow-carotone-savon-clarifiant,Hommes,Soins Corps Homme
dudu-osun-liquid-soap-250ml,Hommes,Soins Corps Homme
fw-savon-gommant-carotte,Hommes,Soins Corps Homme
